Decision family,Inventory IDs,Main dependency
Takeover and operational setup,D008–D014,Mandate; funding; access
Portfolio planning and resource allocation,D015–D020,Budget; leasing; capital
Demand and leasing pipeline,D021–D026,Turn plan; rent approval; inspections
Applications and eligibility,D027–D032,Published criteria; source access
Lease and move-in,D033–D037,Screening; pricing; readiness
Occupied-property service,D038–D044,Occupancy identity; responsibility map
Rent; receivables; arrears,D045–D050,Lease terms; meter; resident change
Reactive repairs and incidents,D051–D061,Access; contacts; property equipment
Preventive work; capital; energy,D062–D068,Asset inventory; access; vendor availability
Procurement and vendor relationships,D069–D073,Needed trade; service geography
Accounting; cash; reporting,D074–D081,Contract; service completion; property identity
Renewal; vacancy; turn,D082–D088,Pricing; resident issues; unit plans
Legal; insurance; casualty; continuity,D089–D094,Repairs; resident history; legal hold
Management-company people; systems; commercial health,D095–D100,Staff capacity; risk; client scope
Asset sale; refinancing; redevelopment; exit,D101–D104,Closed books; physical backlog; legal matters
Segment-specific additional decisions,D105–D115,Mandate; budget; reserve plan
