decision_id,family,scope,decision,trigger,inputs,alternatives,decision_authority,executor,desired_outcome,constraints,automation_hypothesis,dependencies,what_to_validate_with_operator,source_ids
D001,Management mandate,All managed property,Accept this owner/property?,Prospect or acquisition,Ownership; condition; finances; geography; client conduct,Accept; condition acceptance; refer; decline,Management principal,Business development and PM,Serviceable profitable client,License; conflicts; unsafe or underfunded property,Prepare fit and cost-to-serve assessment; principal decides,Staff capacity; vendor coverage; available records,Which apparently attractive clients lose money?,O01
D002,Management mandate,All managed property,Set scope and fees?,Proposal or renewal,Expected work; included services; exclusions; risk,Flat; percentage; minimum; add-on; bundled,Management principal and owner,Account manager,Explicit economically viable mandate,Disclosure; procurement; client approval,Price scenarios from actual work; negotiate exceptions,Owner objective; service standards,What unpaid work is routinely absorbed?,O01
D003,Management mandate,All managed property,Accept which delegated authority?,New agreement or scope change,Spend limits; emergency powers; leasing and settlement rights,Preapprove classes; require specific consent; prohibit,Owner or board and manager,Principal and counsel,Fast lawful decisions with accountable owner,Contract; fiduciary duties; nondelegable decisions,Extract and maintain permission table with review,Funds; owner responsiveness; legal obligations,Where does approval delay cause loss?,O01
D004,Management mandate,All managed property,Choose communication and escalation rules?,Onboarding or recurring failures,Contact preferences; availability; emergency contacts,Scheduled; threshold alert; immediate escalation,Owner and PM,PM and support staff,Right person receives actionable requests,Privacy; contractual reporting; accessibility,Route and follow up automatically within agreed boundaries,Decision authority; severity; deadlines,Who is the real approver when owner is absent?,O01
D005,Management mandate,All managed property,Resolve owner-resident conflict?,Owner direction conflicts with occupancy or service,Contract; law; facts; resident account,Explain; offer lawful alternatives; refuse; escalate,PM principal with counsel,PM,Lawful service and preserved relationships,Resident rights; agency duties; retaliation risk,Prepare facts and alternatives; no automatic coercion,Repair urgency; funds; dispute process,How often are instructions commercially or legally unacceptable?,O01
D006,Management mandate,All managed property,Change scope or reprice service?,Workload or property mix shifts,Actual service effort; margins; complaints; renewal date,Improve process; reprice; narrow scope; exit,Management principal and owner,Account manager,Sustainable service,Notice; continuity; contractual limits,Detect workload drift and generate options,Cost allocation; retention,Can time and unbilled work be linked to an owner?,O01
D007,Management mandate,All managed property,End management relationship?,Breach; sale; uneconomic service; client request,Agreement; arrears; open obligations; successor,Cure; renegotiate; terminate; transfer,Principal and owner subject to contract,Transition lead,Orderly release without orphaned obligations,Notice; fiduciary records; fund transfer; service continuity,Assemble handover and chase receipt; authorized transfer,Takeover; accounting; keys; claims,Who owns obligations that survive termination?,O01
D008,Takeover and operational setup,All managed property,Is the property ready to enter management?,Signed mandate or closing,Legal owner; addresses; units; occupancy; open hazards,Start; staged start; conditional start; pause,Principal and PM,Transition lead,Known starting position,Closing conditions; safety; transition duties,Compare source records; flag contradictions,Mandate; funding; access,Which missing item prevents actual service?,O01;O02
D009,Takeover and operational setup,All managed property,Which leases and obligations are operative?,Inherited files or amendment,Signed leases; amendments; notices; side letters,Accept verified terms; request original; refer ambiguity,PM within authority; counsel for interpretation,Lease administrator,Accurate obligations and deadlines,Executed version; local law; disputed terms,Extract clauses with source references and human verification,Rent roll; occupancy; owner promises,How often do ledger and signed lease disagree?,O01;O02
D010,Takeover and operational setup,All managed property,Which balances and deposits transfer?,Management switch or asset closing,Bank records; tenant ledgers; deposit records; settlement,Accept; reconcile; reserve disputed amount; escalate,Controller and authorized owner,Accountant and bank signers,Money and liabilities agree,Client segregation; beneficial ownership; transfer rules,Match records and isolate unexplained differences,Bank setup; closing; open receivables,How long until opening balances become reliable?,O01;O02
D011,Takeover and operational setup,All managed property,Who controls access and services?,Handover date,Keys; codes; meters; utilities; equipment credentials,Transfer; rekey; reset; retain restricted access,PM under mandate,Technician and administrator,Authorized access and continuous services,Privacy; entry law; vendor security,Inventory credentials and schedule revocation,Occupancy; emergency contacts; utility contracts,Are keys and shutoff locations actually verified?,O01;O02
D012,Takeover and operational setup,All managed property,Which inherited work is unfinished?,Acquisition or management change,Open orders; resident reports; invoices; warranties; inspections,Continue; re-scope; cancel; investigate,PM; owner for spend outside limits,Coordinator and field staff,No unresolved work disappears,Warranty; payment liability; safety priority,Deduplicate and confirm status with parties,Physical condition; vendor contracts; disputed invoices,How many closed orders are still unresolved?,O01;O02
D013,Takeover and operational setup,All managed property,Which vendors and contracts continue?,Takeover or expiry,Terms; assignability; service history; insurance,Assume; renegotiate; replace; terminate,Owner or delegated PM,Procurement,Continuity at acceptable cost,Assignment; notice; license; conflicts,Compare obligations and request approvals,Service readiness; unpaid balances,Which contracts cannot transfer automatically?,O01;O02
D014,Takeover and operational setup,All managed property,Who must be notified and by when?,Change of owner or manager,Resident roster; lenders; agencies; banks; counterparties,Use required notice; supplemental explanation; correct failed delivery,PM and counsel as needed,Administrator,Recognized accountable contact,Service method; statutory dates; privacy,Generate approved notices and track delivery failures,Effective date; entity identity,Which recipients are missing from current checklists?,O01;O02
D015,Portfolio planning and resource allocation,All; owner/AM retains investment decisions,What outcomes should the property pursue?,Annual plan or owner change,Hold period; cash needs; condition; demand; covenants,Income stability; lease-up; renovation; reposition; sale preparation,Owner or asset manager,PM prepares operating alternatives,Operating plan consistent with ownership objective,Debt; regulation; resident obligations,Model scenarios without pretending one objective is universal,Budget; leasing; capital,Does owner optimize cash flow; value; stability; or growth?,O01;O06
D016,Portfolio planning and resource allocation,All; owner/AM retains investment decisions,What budget and reserves are needed?,Budget cycle or material variance,Rent; vacancy; payroll; contracts; asset condition; debt,Base; deferred; accelerated; contingency,Owner or board,PM and finance,Funded feasible operating plan,Restricted funds; minimum service; approvals,Forecast line items and show uncertainty,Repair backlog; staffing; capital schedule,Which forecast assumptions routinely fail?,O01;O06
D017,Portfolio planning and resource allocation,All; owner/AM retains investment decisions,Where should scarce cash go first?,Shortfall or competing requests,Urgency; legal deadlines; cash; impact; invoices,Safety work; essential service; debt; deferrable work; owner call,Owner with PM and finance,Treasury and operations,Solvent operation preserving essential duties,Do not use another client's funds; lender restrictions,Rank feasible options; show consequence of each delay,Collections; cash forecast; casualty,Who bears loss when approvals or funding fail?,O01;O06
D018,Portfolio planning and resource allocation,All; owner/AM retains investment decisions,Which properties need intervention?,Regular review or abnormal performance,Comparable periods; occupancy; repairs; complaints; cash,Observe; investigate; send staff; change plan,Regional PM and asset manager,Regional or site team,Problems addressed before worsening,Comparable definitions; seasonal effects,Detect changes and provide probable causes,Data completeness; local context,Which early signals actually precede costly failures?,O01;O06
D019,Portfolio planning and resource allocation,All; owner/AM retains investment decisions,How much staff/vendor capacity is required?,Growth; absence; season; backlog,Job volume; travel; skills; service windows,Hire; outsource; pool; overtime; automate; refuse growth,Operating principal or regional PM,HR and operations,Reliable service at economic staffing,Labor rules; workload; skill; service commitment,Forecast workload and optimize assignments,Pipeline; portfolio geography; emergency demand,Is bottleneck labor; approval; parts; or scheduling?,O01;O06
D020,Portfolio planning and resource allocation,All; owner/AM retains investment decisions,What service level is worth paying for?,New plan or complaints,Resident expectations; building type; cost; outcomes,Standard; premium; on-call; self-service; targeted extra service,Owner and management principal,PM,Explicit service promise that can be delivered,Minimum duties cannot be traded away,Compare cost and service scenarios,Budget; staffing; segment,What do owners and residents each value enough to fund?,O01;O06
D021,Demand and leasing pipeline,Rental residential and commercial,When and how should space be marketed?,Notice; delivery; vacancy; lease expiry,Readiness forecast; legal possession; demand; channel history,Prelease; wait; broker; direct; targeted channels,PM within leasing mandate,Leasing staff or broker,Qualified demand timed to availability,Truthful listing; nondiscriminatory advertising,Generate accurate listings from verified attributes,Turn plan; rent approval; inspections,How often is listed availability unreliable?,O01;O03;O04
D022,Demand and leasing pipeline,Rental residential and commercial,What price and terms should be offered?,Listing; renewal; stale availability,Own demand; public comparables; condition; vacancy cost; legal limits,Change rent; term; concession; deposit; leave unchanged,Owner or delegated revenue/PM team,Leasing administrator,Sustainable net economics and occupancy,Antitrust; rent regulation; disclosure; fee restrictions,Model own-property options with lawful data,Budget; availability; lease approval,Is performance judged by asking rent or actual collected value?,O01;O03;O04
D023,Demand and leasing pipeline,Rental residential and commercial,Which channels and advertising spend?,Budget or weak pipeline,Cost; leads; qualified tours; signed leases; attribution,Increase; reduce; reallocate; broker outreach,PM or marketing lead,Marketing,Efficient qualified demand,Fair housing; misleading ads; data consent,Track cohort conversion and marginal spend,Availability; target segment,Do channels measure signed and retained leases?,O01;O03;O04
D024,Demand and leasing pipeline,Rental residential and commercial,How should a prospect be answered?,Call; message; walk-in,Availability; verified terms; questions; access needs,Answer; book tour; request information; transfer,Leasing team under policy,Agent or staff,Accurate useful response and next step,Fair housing; privacy; unknown facts,Autonomous approved answers; escalate uncertain promises,Inventory; hours; accommodation process,How many questions require an actual person?,O01;O03;O04
D025,Demand and leasing pipeline,Rental residential and commercial,How should tours be scheduled and accessed?,Tour request,Readiness; calendars; identity/access policy; occupant status,Staffed; remote; self-guided; reschedule,Leasing lead,Staff; access provider; prospect,Safe completed tour,Entry notice; security; accessibility,Schedule and confirm automatically; limited access credentials,Unit status; current resident; keys,Does tour automation move delay elsewhere?,O01;O03;O04
D026,Demand and leasing pipeline,Rental residential and commercial,What should change when leasing stalls?,High vacancy or low conversion,Funnel stages; objections; competing listings; readiness; rejected applications,Fix unit; price; channel; response; qualification; nothing,PM with owner for major changes,Leasing and maintenance,Address actual conversion barrier,Do not lower protected-rights standards or use prohibited data,Diagnose stage-specific loss; test reversible change,Marketing; screening; turn quality,Which stage is failing rather than which metric is low?,O01;O03;O04
D027,Applications and eligibility,Rental; program-specific branches,Is an application complete and authentic?,Submission,Required fields; consent; ID; income; references,Accept for review; request missing item; investigate mismatch,Leasing team under policy,Administrator,Complete usable application,Data minimization; accessible alternative; fraud false positives,Collect and cross-check; uncertain fraud requires review,Published criteria; source access,What missing information creates repeated contact?,O03;O04;O07
D028,Applications and eligibility,Rental; program-specific branches,Which screening checks are permitted and necessary?,Application ready,Applicable rules; consent; published criteria; program,Run permitted checks; omit prohibited check; obtain consent,Owner policy with legal review,Screening provider and leasing,Proportionate lawful screening,FCRA; fair housing; local restrictions,Policy-based check selection; no blanket national assumptions,Property jurisdiction; applicant/program type,Are expensive checks actually predictive and lawful?,O03;O04;O07
D029,Applications and eligibility,Rental; program-specific branches,Approve; condition; or decline applicant?,Screening complete,Verified criteria; reports; disputes; accommodation; unit eligibility,Approve; permitted condition; request review; decline,Delegated authorized decision maker,Leasing team,Consistent lawful tenancy decision,Fair housing; FCRA; written criteria; local restrictions,Calculate policy fit; explain exceptions; validated authority required,Screening; affordable eligibility; unit offer,Which decisions truly require discretion?,O03;O04;O07
D030,Applications and eligibility,Rental; program-specific branches,What adverse-action or dispute response is due?,Unfavorable report-influenced decision,Report supplier; score if used; grounds; applicant contact,Required notice; corrected decision; investigation,Housing provider,Leasing or compliance staff,Applicant informed and error correction possible,FCRA trigger includes partial reliance; content requirements,Generate and track compliant notice from actual inputs,Application decision; report versions,Do conditions receive the same notice treatment as denials?,O03;O04;O07
D031,Applications and eligibility,Rental; program-specific branches,How should competing applicants or waitlists be handled?,Multiple eligible households or vacancy,Timestamp; priority rules; preferences; unit needs,Published queue; lawful preference; offer next; keep waiting,PM under approved program/policy,Leasing administrator,Fair consistent allocation,Program rules; discrimination; auditability,Apply explicit queue and track skipped offers,Eligibility; unit suitability,Are offers and expired deadlines visible?,O03;O04;O07
D032,Applications and eligibility,Rental; program-specific branches,Is subsidy or restricted-unit eligibility established?,Affordable application or recertification,Program; household; income; assets; unit limits; agency decisions,Approve; request verification; recalculate; refer,Authorized compliance role; agency where required,Compliance specialist,Correct eligible occupancy and assistance,Program-specific rules and effective dates,Calculate from verified facts with program version control,Waitlist; unit designation; assistance contract,Which rules belong to PM versus housing agency?,O03;O04;O07
D033,Lease and move-in,Rental; hospitality uses booking/license variants,Which lease terms and deviations are acceptable?,Accepted applicant or commercial negotiation,Approved form; offer; authority; incentives; risk,Standard form; allowed deviation; counteroffer; legal review,Owner or delegated signer,Leasing staff and counsel,Enforceable understood agreement,Mandatory disclosures; concessions; signature authority,Populate standard terms and flag deviations,Screening; pricing; readiness,How much negotiating discretion exists?,O01;O05
D034,Lease and move-in,Rental; hospitality uses booking/license variants,Are required disclosures and signatures complete?,Before execution or possession,Applicable forms; parties; guarantors; signed versions,Complete; correct; delay execution,Authorized leasing staff,Administrator and signers,Valid documented agreement,Jurisdiction; lead disclosure; program notices,Completeness checks and signature routing,Building age; assistance program; lease version,Which missing signature later causes disputes?,O01;O05
D035,Lease and move-in,Rental; hospitality uses booking/license variants,Is the unit physically and legally ready?,Move-in imminent,Inspection; repairs; utilities; occupancy approval; keys,Release; fix; delay; relocate; credit,PM with qualified inspector where required,Maintenance and leasing,Safe usable promised space,Habitability; occupancy permits; accessibility,Coordinate checklist and verify completion; field facts required,Turn work; utilities; permits,Who actually certifies ready rather than clicks complete?,O01;O05
D036,Lease and move-in,Rental; hospitality uses booking/license variants,Can possession and access be released?,Lease start or early-access request,Executed agreement; cleared funds; legal status; readiness,Release; condition; reschedule; temporary alternative,PM under policy,Leasing and access staff,Correct occupant receives authorized access,Funds finality; promised date; current occupant rights,Release access only on explicit verified conditions,Readiness; payment; signatures,Which condition is often overridden informally?,O01;O05
D037,Lease and move-in,Rental; hospitality uses booking/license variants,How are opening condition and responsibilities agreed?,Move-in handover,Inspection images; meter readings; inventory; lease obligations,Accept; note defect; repair; dispute baseline,PM and occupant,Site team and occupant,Shared accurate starting condition,Privacy; accessible acknowledgement; no forced waiver,Structure observations and route defects,Prior turn; planned maintenance; deposit,Do images identify unit; date; room; and defect?,O01;O05
D038,Occupied-property service,All occupied property,What is this incoming request and who owns it?,Call; email; portal; sensor; in-person report,Identity; unit; facts; history; urgency,Answer; maintenance; billing; complaint; emergency; multiple cases,PM routing policy,Support or automated intake,Correct owner and next action,Urgency; accessibility; no lost cross-channel reports,Classify; merge duplicates; ask essential questions,Occupancy identity; responsibility map,How often is a complaint misfiled as information?,O01;O08;O09
D039,Occupied-property service,All occupied property,What response or commitment can be made?,Resident or tenant asks for answer,Known status; policy; authority; expected completion,Answer; qualify uncertainty; request fact; escalate,PM or delegated staff,Support,Accurate answer with kept commitments,No invented completion; legal promises; privacy,Answer from current records and track promised follow-up,Work progress; funds; availability,What fraction of repeat messages ask for status?,O01;O08;O09
D040,Occupied-property service,All occupied property,How should a complaint or service failure be resolved?,Repeated issue; dispute; poor review,Chronology; actual condition; prior promises; desired remedy,Fix; explain; apologize; concession; mediation; escalation,PM within concession authority,PM and service team,Underlying problem resolved and trust restored,Retaliation; fair treatment; admission/insurance concerns,Reconstruct facts and propose remedies; negotiation can be assisted,Maintenance; ledger; lease,Does manager see resident history across channels?,O01;O08;O09
D041,Occupied-property service,All occupied property,Is an accommodation or modification required?,Request or apparent access barrier,Request; property; applicable law; necessary information,Grant; discuss alternatives; seek limited verification; legal review,Authorized PM/compliance role,PM and qualified specialist,Equal practical access under applicable obligations,Current law; privacy; individualized facts; no unsupported denial,Track request and deadlines; support fact-specific decision,Physical modification; policies; funding,Are requests recognized when no formal terminology is used?,O01;O08;O09
D042,Occupied-property service,All occupied property,What action follows neighbor conduct or nuisance?,Noise; threat; harassment; repeated violation,Reports; corroboration; lease; safety; prior actions,De-escalate; investigate; warn; remedy; legal action,PM; authorities for immediate danger,PM; security; counsel,Safe lawful use without unfair enforcement,Fair housing; retaliation; proof; privacy,Detect patterns and draft communications; verify material facts,Complaint handling; legal notices,How are conflicting accounts handled?,O01;O08;O09
D043,Occupied-property service,All occupied property,Should household; occupant; pet; parking; or access details change?,Occupancy change or request,Lease; approval criteria; current rights; access needs,Approve; amend; request facts; refuse if lawful,PM within policy,Leasing and access administration,Accurate occupancy and permissions,Local rights; accommodation; fee restrictions,Apply approved ordinary rules; escalate special rights issues,Lease amendment; billing; credentials,Which changes are currently invisible to PM?,O01;O08;O09
D044,Occupied-property service,All occupied property,What service interruption requires notification or mitigation?,Planned shutdown or unexpected outage,Affected areas; severity; duration; service alternatives,Notify; reschedule; temporary service; relocate; emergency response,PM and technical lead,Site team; utility; contractor,Safe continuity and credible updates,Critical services; notice; vulnerable occupants; privacy,Identify affected units; send verified updates; chase restoration,Repair plan; utility restoration; access,Can affected occupants be identified immediately?,O01;O08;O09
D045,Rent; receivables; arrears,Rental; assessments and guest charges are variants,What amount is due and when?,Recurring bill; lease change; meter cycle,Lease; subsidy; credits; usage; fees; tax,Bill; adjust; pause disputed item; investigate,PM/controller under policy,Accounting,Correct collectible charges,Rent limits; fee law; lease; program rules,Deterministic calculation and variance detection,Lease terms; meter; resident change,What share of arrears is billing error?,O01;O02;O03;O10
D046,Rent; receivables; arrears,Rental; assessments and guest charges are variants,Where should a payment be applied?,Payment received,Payer; ledger; remittance; restrictions; pending returns,Apply; split; hold unapplied; refund,Accounting policy,Cash application staff,Correct current balance,Allocation rules; client funds; duplicate payments,Match clear items and queue ambiguity,Bank settlement; charge disputes,How often is a tenant marked delinquent incorrectly?,O01;O02;O03;O10
D047,Rent; receivables; arrears,Rental; assessments and guest charges are variants,What follows a returned or suspicious payment?,ACH return; card dispute; mismatch,Bank event; prior payments; payer verification,Repost; contact; retry if permitted; alternative payment; investigate,Treasury/PM within policy,Accounting and resident support,Recover valid payment without duplicate debit,Authorization; fees; fraud; funds finality,Event-triggered reconciliation and approved notification,Ledger; chargeback; possession release,Are returns visible before distributions or move-in?,O01;O02;O03;O10
D048,Rent; receivables; arrears,Rental; assessments and guest charges are variants,Which overdue accounts need which action?,Due date passed or risk signal,Accurate balance; notices; assistance; dispute; bankruptcy,Reminder; contact; arrangement; agency support; legal referral,PM within collections policy,Collections and support,Cure arrears where feasible,Protected circumstances; notice; consumer-reporting duties,Segment by facts; automate ordinary reminders after checks,Cash application; disputes; legal restrictions,How many reminders are sent to the wrong balance?,O01;O02;O03;O10
D049,Rent; receivables; arrears,Rental; assessments and guest charges are variants,Should a payment plan or concession be offered?,Hardship; dispute; negotiation,Ability to pay; past behavior; expected vacancy/legal cost; authority,Plan; credit; assistance referral; decline; legal review,Owner or delegated PM,PM and accounting,Better lawful expected recovery and tenancy outcome,Consistency; agreement; subsidy; no prohibited condition,Compare options and track installments; approved policy can delegate,Owner economics; repair dispute; budget,Are alternatives evaluated economically or by habit?,O01;O02;O03;O10
D050,Rent; receivables; arrears,Rental; assessments and guest charges are variants,Should unresolved debt enter legal or external collection?,Failed cure or tenancy end,Validated balance; notices; service; assistance; legal holds,Wait; settle; counsel; permitted reporting; write off,Owner/PM authorized; counsel for filing,Counsel or collector,Lawful economical recovery,Court process; bankruptcy; consumer rules; retaliation,Prepare accurate referral and detect holds; no self-help eviction,Notices; repairs; lease; balance,What is expected net recovery after all costs?,O01;O02;O03;O10
D051,Reactive repairs and incidents,All physical property,Is immediate danger or emergency response present?,New report or sensor alert,Symptoms; location; affected people; hazard indicators,Emergency services; shutoff guidance; urgent dispatch; routine route,Trained emergency policy; responder authority,Resident; on-call staff; emergency service,People protected and damage limited,No unsafe DIY; uncertain severity; critical services,Fast triage and escalation; conservative protocols require testing,Access; contacts; property equipment,Which dangerous descriptions lack obvious keywords?,O06;O08;O09;O11
D052,Reactive repairs and incidents,All physical property,What is likely wrong and what information is missing?,Nonemergency repair report,Symptoms; photos; model; history; affected systems,Clarify; safe check; remote specialist; site visit,Maintenance lead or qualified trade,Coordinator; resident; technician,Enough diagnosis for appropriate response,Skill boundaries; safety; inaccessible evidence,Ask targeted questions and retrieve history,Equipment record; prior repairs,Which questions prevent a second visit?,O06;O08;O09;O11
D053,Reactive repairs and incidents,All physical property,Who is responsible for remedy and cost?,Repair identified,Lease; common-area boundary; warranty; cause; law,Owner; association; tenant; utility; insurer; shared; investigate,PM with counsel/technical review as needed,Coordinator,Work proceeds under correct responsibility,Urgent duties can precede cost determination,Suggest responsible parties; separate repair from later charge dispute,Lease; asset boundary; insurance,Does cost argument delay essential repair?,O06;O08;O09;O11
D054,Reactive repairs and incidents,All physical property,Which repair approach is appropriate?,Diagnosis available,Safety; useful life; failure history; quotes; parts; downtime,Repair; replace; temporary fix; monitor; capital project,PM within limits; owner beyond,Maintenance lead and trade,Durable economical function,Codes; warranty; service continuity,Compare lifetime cost and recurrence; trade validates,Budget; capital plan; qualified diagnosis,Is cheap initial repair creating repeat cost?,O06;O08;O09;O11
D055,Reactive repairs and incidents,All physical property,Can work proceed without further approval?,Scope and estimate available,Authority; urgency; cash; budget; approved vendor,Proceed; seek owner; invoke emergency process; pause lawful work,Delegated PM or owner,Coordinator,Authorized work without avoidable delay,Emergency duties; funds; contractual cap,Check permission and route exceptions automatically,Mandate; reserve; severity,How often approval is needed only because policy is vague?,O06;O08;O09;O11
D056,Reactive repairs and incidents,All physical property,Which provider or technician should do it?,Approved work,Skill; availability; location; price; reliability; license,In-house; preferred vendor; backup; specialist,Maintenance/PM within procurement policy,Dispatcher,Qualified timely attendance,License; insurance; conflicts; access,Optimize shortlist and dispatch under limits,Vendor qualification; urgency; travel,Is vendor capacity actually confirmed or assumed?,O06;O08;O09;O11
D057,Reactive repairs and incidents,All physical property,When can the job be performed and access obtained?,Provider selected,Occupant availability; notice; keys; parts; service window,Schedule; batch; reschedule; emergency access,PM under entry policy,Coordinator; resident; vendor,First visit can actually complete work,Entry law; consent; privacy; safety,Coordinate calendars and reminders; notice tracking,Parts; credentials; tenant needs,Which party typically causes scheduling delay?,O06;O08;O09;O11
D058,Reactive repairs and incidents,All physical property,What if the vendor; resident; part; or approval does not arrive?,Missed milestone or no response,Last commitment; urgency; alternate availability,Chase; reassign; reschedule; escalate; temporary mitigation,PM/maintenance lead,Coordinator,Stalled work regains a feasible next step,Service deadlines; additional cost; access limits,Detect missed commitments and pursue bounded alternatives,Dispatch; procurement; authority,How much staff time is spent only chasing?,O06;O08;O09;O11
D059,Reactive repairs and incidents,All physical property,Is a change in scope justified?,Hidden damage or additional work request,Original scope; site findings; estimate; urgency,Approve; partial approve; second opinion; new quote,PM within limits; owner beyond,Trade and coordinator,Necessary change with controlled cost,No invented authorization; habitability; permits,Compare original and proposed scope; seek precise approval,Budget; diagnosis; contract,Are change orders separately authorized before work?,O06;O08;O09;O11
D060,Reactive repairs and incidents,All physical property,Is the problem actually resolved?,Vendor marks complete,Work performed; photos; tests; occupant response; recurrence,Accept; verify; reopen; callback; specialist,Maintenance lead/PM,Technician; site staff; occupant,Restored function and accurate status,Inspection competence; no forced resident sign-off,Request proof of function and spot-check; detect recurrent issue,Original symptom; completion claim,How many closed jobs recur within 30 days?,O06;O08;O09;O11
D061,Reactive repairs and incidents,All physical property,Is the invoice correct and who pays?,Invoice received,Authorized scope; completion; rates; credits; duplicates; allocation,Approve; dispute; partial pay; correct allocation,Approver separate from payment role where feasible,AP and PM,Pay once for authorized delivered work,Segregation; lien rights; contract; client funds,Three-way matching; anomaly queue; payment authorization separate,Completion; purchase order; bank details,Can an invoice be matched to an actual resolved problem?,O06;O08;O09;O11
D062,Preventive work; capital; energy,All; scale varies,Which inspections and servicing are due?,Calendar; usage; warranty; code,Equipment; history; manufacturer; jurisdiction; program,Inspect; service; test; defer only if allowed,Technical/PM lead,Qualified staff or inspector,Reliable safe assets and completed obligations,Required frequency; qualified person; record retention,Schedule and chase; field certification stays with competent actor,Asset inventory; access; vendor availability,Are obligations tied to equipment or generic reminders?,O06;O08;O09;O11;O12
D063,Preventive work; capital; energy,All; scale varies,What does an inspection finding require?,Inspection or monitoring result,Severity; cause; recurrence; code; cost,Emergency remedy; repair; monitor; capital referral,PM and qualified specialist,Maintenance or contractor,Finding becomes completed corrective action,Deadlines; safety; inspector authority,Translate findings to tracked work with dependencies,Reactive work; budget; agency response,Does a report produce work or remain a PDF?,O06;O08;O09;O11;O12
D064,Preventive work; capital; energy,All; scale varies,Which replacement and renewal projects should be funded?,Budget cycle or failure trend,Condition; life; failure cost; energy; downtime; reserves,Replace now; stage; rehabilitate; defer; redesign,Owner/board or asset manager,PM and capital team,Best feasible lifecycle outcome,Minimum safety; financing; resident disruption,Scenario analysis; explicitly uncertain useful lives,Inspections; cash; owner hold period,Are capital decisions based on actual condition?,O06;O08;O09;O11;O12
D065,Preventive work; capital; energy,All; scale varies,How should a capital project be scoped and procured?,Approved business case,Functional need; designs; quantities; permits; bids,Design alternatives; competitive bid; negotiated; phased,Owner/board; PM delegated,Project manager; engineer; procurement,Comparable scope and credible contractor commitment,Permit; license; procurement; conflicts,Compare bids on same inclusions; identify omissions,Budget; engineer design; tenant impacts,Are cheap bids simply excluding essential work?,O06;O08;O09;O11;O12
D066,Preventive work; capital; energy,All; scale varies,Should a project payment or milestone be accepted?,Claimed completion or draw,Contract; inspection; delivered quantity; changes; lien documents,Approve; hold; correct; partial release,Owner/delegated PM; lender where applicable,Project manager and finance,Payment follows verified progress,Lien law; lender control; safety; retainage,Compare documentation and flag mismatch; qualified inspection,Scope changes; funding; field progress,Who validates physical completion independently?,O06;O08;O09;O11;O12
D067,Preventive work; capital; energy,All; scale varies,What energy; water; or building-control change is worthwhile?,Anomaly; tariff; upgrade opportunity,Usage; weather; occupancy; system constraints; tariff; incentives,Repair leak; tune schedule; retrofit; procure; observe,Owner/PM and qualified engineer,Engineer; utility; contractor,Lower waste at maintained service quality,Comfort; equipment safety; resident billing; cyber access,Detect anomalies and simulate; bounded control only after validation,Meter data; maintenance; occupancy,Who benefits if tenant pays utilities and owner pays capex?,O06;O08;O09;O11;O12
D068,Preventive work; capital; energy,All; scale varies,What seasonal or disaster preparation is needed?,Weather alert or seasonal plan,Exposure; equipment; vulnerable systems; staff; supplies,Protect; inspect; stage contractors; notify; close unsafe areas,PM/emergency lead,Site team and vendors,Reduced disruption and faster restoration,Life safety; authority; forecast uncertainty,Trigger property-specific preparations and check completion,Emergency plan; contractor capacity; inventory,What failed during the last comparable event?,O06;O08;O09;O11;O12
D069,Procurement and vendor relationships,All,Which vendor may join the roster?,New vendor or service need,License; insurance; references; coverage; rates; tax details,Approve; conditional; reject; specialist review,Procurement/PM under policy,Vendor administrator,Qualified usable supply,Trade licensing; fraud; conflicts; insurance scope,Verify documents and expiration; independent bank validation,Needed trade; service geography,Does qualification predict delivered performance?,O01;O11
D070,Procurement and vendor relationships,All,Renew; renegotiate; or replace a service contract?,Expiry; price increase; poor service,Actual performance; alternatives; notice date; switching cost,Renew; amend; rebid; insource; terminate,PM/owner under contract limits,Procurement,Appropriate service and total cost,Continuity; termination; assignment; procurement rules,Track expiries and compare scope-adjusted alternatives,Budget; vendor capacity; resident impact,Is notice missed before alternative bids arrive?,O01;O11
D071,Procurement and vendor relationships,All,How should recurring services be scheduled and checked?,Routine cleaning; grounds; security; waste,Service level; site condition; usage; calendar,Fixed schedule; need-based; combined route; additional visit,Site/PM lead,Vendor or staff,Useful delivered service,Safety; contract; union; occupant hours,Optimize routine schedule and collect completion checks,Occupancy; weather; events,Is service purchased by visits or by acceptable condition?,O01;O11
D072,Procurement and vendor relationships,All,Can vendor bank details or ownership change?,Change request or fraud signal,Independent callback; contract; prior data; authorized signer,Verify; hold; reject; update,Treasury authorized role,AP administrator,Correct payee receives funds,Fraud prevention; segregation; data security,Detect changes; require independent verification before update,Payment run; vendor record,Who can both alter payee and release cash?,O01;O11
D073,Procurement and vendor relationships,All,What should vendor performance change?,Repeated callbacks; delay; invoice disputes,Completion; cost; quality; response; verified cause,Coach; probation; reduced allocation; remove; retain,PM/procurement,Vendor manager,Reliable local execution,Attribution; limited alternatives; emergency coverage,Measure outcomes; recommend allocation within capacity,Work completion; callback reason; alternatives,Are ratings based on outcome or anecdote?,O01;O11
D074,Accounting; cash; reporting,All; distinct client and management-company books,How is a transaction coded and allocated?,Invoice; receipt; adjustment,Property; legal entity; purpose; lease; accounting basis,Expense; capitalize; prepaid; receivable; split; suspense,Controller/accounting policy,Accountant,Consistent accurate books,Entity boundaries; accounting rules; cost recovery terms,Suggest coding; deterministic approved rules; review ambiguity,Contract; service completion; property identity,Do allocation errors change tenant or owner payments?,O02;O12
D075,Accounting; cash; reporting,All; distinct client and management-company books,Which payments can be released now?,Payment cycle,Approved bills; due dates; cash by owner; holds; bank verification,Pay; partial pay by agreement; defer; owner funding request,Authorized signers,Treasury,Correct timely payments within available funds,No commingling; restricted cash; fraud; authorization,Prepare batch; release only within explicit mandates,AP approval; reconciled cash; loan restrictions,How much cash shown is genuinely spendable?,O02;O12
D076,Accounting; cash; reporting,All; distinct client and management-company books,Do bank; books; and beneficiary balances agree?,Daily/monthly reconciliation,Bank events; ledger; owner balances; deposits; in-transit items,Match; correct with reason; investigate; hold distribution,Controller; responsible broker where applicable,Accountant,No unexplained shortfall or misallocated money,Client funds; documented reconciliation; independent review,Automate matching; preserve exceptions and correction trail,Payment returns; opening balances; transfers,How old are unreconciled differences?,O02;O12
D077,Accounting; cash; reporting,All; distinct client and management-company books,What should an owner receive or contribute?,Distribution date or shortfall,Collected cash; reserves; upcoming obligations; agreement,Distribute; retain; request capital; correct statement,Owner policy and authorized finance,Accounting and bank signer,Funded operation and correct owner cash,Deposits not distributable income; debt cash controls,Calculate available cash by entity; flag unknown obligations,Bank reconciliation; forecast; reserve policy,Are distributions based on bank balance alone?,O02;O12
D078,Accounting; cash; reporting,All; distinct client and management-company books,What accrual; adjustment; or write-off is needed?,Close or discovered error,Service dates; unbilled work; receivables; accounting policy,Accrue; reverse; correct; estimate; write off,Controller with owner approval thresholds,Accountant,Period reflects economic activity,Tax/accounting standards; evidence of estimate; authority,Suggest journal with reason; approval for material entries,AP; AR; lease schedule,Which estimates reverse into surprises next month?,O02;O12
D079,Accounting; cash; reporting,All; distinct client and management-company books,Is the period ready to close and report?,Month/quarter/year end,Reconciliations; AP; AR; accruals; variance explanations,Close; provisional report; investigate; restate,Controller and PM,Finance and account manager,Timely understandable accurate reporting,Materiality; lender and owner deadlines,Check completeness and draft plain variance explanations,Reconciliations; operational status; accounting policy,How much delay comes from missing operations facts?,O02;O12
D080,Accounting; cash; reporting,All; distinct client and management-company books,What tax; regulatory; or lender filing is due?,Calendar or transaction,Entity; payments; forms; tax IDs; covenant; certified figures,File; correct; seek extension; specialist review,Authorized tax/finance signer,CPA; administrator; owner,Accurate accepted filing,Jurisdiction; professional responsibility; deadlines,Prepare data and completeness checks; authorized submission,Closed books; vendor records; ownership,Which forms are management's duty versus owner's CPA?,O02;O12
D081,Accounting; cash; reporting,All; distinct client and management-company books,How should financial error or fraud be handled?,Mismatch; duplicate; complaint; breach,Transaction trail; permissions; confirmations; exposure,Contain; investigate; correct; notify; recover; report,Principal/controller with counsel,Finance; bank; insurer; investigator,Limit loss and restore reliable records,Privacy; reporting duties; preserve records; conflicts,Detect anomalies and collect facts; do not silently overwrite,Bank controls; access logs; insurance,Can an operator reconstruct who changed what?,O02;O12
D082,Renewal; vacancy; turn,Rental; special booking cycles differ,Who should receive what renewal offer?,Lease expiry horizon,Legal rights; performance; market; condition; planned works,Renew; changed lawful terms; fixed/more flexible term; lawful nonrenewal,Owner/delegated PM; counsel for constrained cases,Leasing,Retain desired occupancy at viable terms,Rent rules; notice; retaliation; fair housing,Compare retention economics and generate approved offers,Pricing; resident issues; unit plans,Does renewal pricing consider avoided turn cost?,O01;O13
D083,Renewal; vacancy; turn,Rental; special booking cycles differ,Accept a renewal negotiation or transfer?,Counteroffer or relocation request,Vacancy risk; moving needs; alternative units; authority,Accept; counter; transfer; temporary arrangement; decline,Delegated PM or owner,Leasing and accounting,Feasible mutually understood arrangement,Rights; fair treatment; accurate credits,Scenario comparison and standard amendment generation,Availability; repairs; concessions,Which concessions preserve more value than vacancy?,O01;O13
D084,Renewal; vacancy; turn,Rental; special booking cycles differ,Is notice to leave valid and what date governs?,Resident notice; lease end; court order,Lease; service date; local law; mutual agreement,Confirm; seek correction; negotiate; counsel review,PM with counsel for ambiguity,Leasing administrator,Clear lawful end-of-possession plan,Notice rules; protected rights; holdover,Extract dates; flag ambiguity; draft confirmation,Leasing availability; move-out; legal process,Does unit availability use notice date or confirmed possession?,O01;O13
D085,Renewal; vacancy; turn,Rental; special booking cycles differ,What if possession does not return as expected?,Holdover; apparent abandonment; death,Actual occupancy; lawful representatives; contacts; court status,Contact; negotiate; protect property; legal process,PM/owner with counsel,PM; counsel; authorized official,Lawful possession and protected belongings,No self-help; probate; abandonment rules; privacy,Detect missed handover and assemble facts; stop automatic rekey,Notice; access; future move-in,What happens to a new lease if old occupant remains?,O01;O13
D086,Renewal; vacancy; turn,Rental; special booking cycles differ,What work makes vacant space ready?,Possession returned,Condition; original baseline; target standard; budget; next start,Clean; repair; refresh; renovate; sell as-is if lawful,PM within spend; owner for larger work,Turn coordinator and trades,Promised readiness at justified cost,Habitability; reasonable charges; access; procurement,Generate scoped plan from inspection; schedule dependencies,Deposit allocation separate; leasing date; materials,Which turn tasks lie on actual critical path?,O01;O13
D087,Renewal; vacancy; turn,Rental; special booking cycles differ,What can be charged or refunded at move-out?,End of occupancy,Ledger; deposit; baseline; condition; wear; invoices; law,Refund; lawful itemized deduction; additional bill; dispute,Housing provider/delegated PM,Accounting and PM,Correct timely final account,Local deadlines; ordinary wear; documentation; transfer obligations,Calculate and assemble itemization; review disputed causation,Inspection; final utilities; legal status,Are deductions based on damage or owner's improvement wishes?,O01;O13
D088,Renewal; vacancy; turn,Rental; special booking cycles differ,Is the turn complete and availability accurate?,Claimed turn completion,Inspection; repair tests; cleaning; keys; marketing promises,Release; reopen; correct listing; renegotiate move-in,PM/site lead,Maintenance and leasing,Space ready when promised,Occupancy approval; health; truthful advertising,Cross-check physical readiness against advertised date,Reactive work; incoming lease; utility state,Who bears responsibility for false ready status?,O01;O13
D089,Legal; insurance; casualty; continuity,All with jurisdiction-specific paths,What does an official notice or legal claim require?,Inspection; complaint; summons; subpoena,Instrument; service date; property; alleged facts; insurance,Remedy; respond; contest; counsel; notify insurer,Owner/PM with counsel,Counsel and operations,Timely accurate response and underlying remedy,Service; deadline; privilege; authority,Recognize document and route; validate dates with responsible professional,Repairs; resident history; legal hold,Where do legal documents first arrive and get lost?,O05;O08;O10;O14
D090,Legal; insurance; casualty; continuity,All with jurisdiction-specific paths,Which insurance coverage and renewal is appropriate?,Annual renewal; changed exposure,Property risks; lender requirements; loss history; quote terms,Renew; increase limits; change deductible; mitigate; replace,Owner with broker/adviser,Insurance broker and PM,Appropriate insurable risk at viable cost,Exclusions; coverage gaps; lender mandate,Compare terms and missing exposures; licensed advice as needed,Capital improvements; claims; ownership,Are limits based on current replacement cost?,O05;O08;O10;O14
D091,Legal; insurance; casualty; continuity,All with jurisdiction-specific paths,Is this event an insurance claim and what action comes first?,Damage; injury; interruption,Safety; loss facts; policy; notice; mitigation; deductible,Emergency response; mitigate; notify; claim; self-fund,PM emergency authority; owner/insurer on claim,PM; restoration; adjuster; counsel,Limit loss and preserve legitimate recovery,Notice; documentation; admissions; access; safety,Prompt timely notices and track insurer requests,Repair; casualty; finance; resident relocation,Do teams delay mitigation while waiting on coverage?,O05;O08;O10;O14
D092,Legal; insurance; casualty; continuity,All with jurisdiction-specific paths,How should casualty displacement and restoration be managed?,Fire; flood; structural problem; utility failure,Affected occupants; safe areas; experts; funds; lease; authority,Evacuate; temporary accommodation; phase repairs; terminate where lawful,Emergency authorities; owner; PM within authority,Responders; PM; contractors; insurer,Safe people and feasible restoration,Habitability; occupancy approval; insurer/lender controls,Coordinate parties and milestones; qualified safety decisions,Access; claims; utilities; resident needs,Who owns temporary accommodation and reoccupation decisions?,O05;O08;O10;O14
D093,Legal; insurance; casualty; continuity,All with jurisdiction-specific paths,What changes when owner or tenant enters insolvency?,Bankruptcy; receiver; foreclosure notice,Court orders; debtor identity; control; funds; contracts,Hold prohibited action; seek counsel; update authority; continue permitted service,Court/receiver/trustee/owner as applicable,Counsel; PM; finance,Essential operations under valid authority,Automatic stay; restricted funds; order-specific powers,Identify holds and route approvals; current counsel required,Collections; vendor payments; mandate,Can automated reminders and payments be stopped selectively?,O05;O08;O10;O14
D094,Legal; insurance; casualty; continuity,All with jurisdiction-specific paths,What records must be retained; disclosed; or protected?,Dispute; request; retention date; privacy event,Document type; jurisdiction; legal hold; permissions,Retain; restrict; disclose approved subset; redact; delete lawfully,Authorized records/privacy/legal role,Administrator and IT,Available accurate records with appropriate privacy,Legal hold; consumer reports; retention; security,Classify retention and access; prevent deletion under hold,Screening; claims; accounting; HR,Are old reports over-retained and current obligations under-recorded?,O05;O08;O10;O14
D095,Management-company people; systems; commercial health,Management business; separate from property owner,How should work be assigned across staff?,New case; absence; backlog,Skills; permissions; workload; site knowledge; deadline,Assign; pool; specialist; rebalance; outsource,PM/regional lead,Team coordinator,Owned work completed within capacity,Role permissions; labor; continuity,Workload-aware routing and escalation,Staff capacity; risk; client scope,Do titles or actual skills determine assignment?,O01;O11
D096,Management-company people; systems; commercial health,Management business; separate from property owner,What training or performance intervention is needed?,Error; new hire; new duty; recurring delay,Observed outcomes; workload; tools; policy clarity,Train; clarify policy; fix tool; rebalance; discipline,Manager and HR,Supervisor,Cause corrected rather than employee merely blamed,Employment rules; privacy; fair treatment,Detect repeated failure patterns; manager verifies cause,Work audit; permissions; staffing,Are errors competence problems or impossible process design?,O01;O11
D097,Management-company people; systems; commercial health,Management business; separate from property owner,Which tools and integrations should be adopted?,Capacity need; replacement; new offer,Job requirements; existing systems; access; cost; data; exit terms,Configure existing; integrate; buy; build; service; do nothing,Principal/IT with operations,IT and vendor,Net improvement in real operation,Security; permissions; data portability; vendor terms,Evaluate task fit; pilot against actual baseline,Authority; workflow volume; system access,Does tool reduce work or add another inbox?,O01;O11
D098,Management-company people; systems; commercial health,Management business; separate from property owner,What access should staff; vendor; or AI receive?,Onboarding; role change; offboarding,Task; property scope; permission; data sensitivity,Read; draft; limited write; approve; revoke,System/data owner,IT administrator,Necessary capability without unnecessary exposure,Least privilege; financial segregation; auditability,Role-scoped setup; expiring rights; explicit action limits,Employment status; client authority,Can permissions be limited by property and action?,O01;O11
D099,Management-company people; systems; commercial health,Management business; separate from property owner,What should happen during a system outage or cyber incident?,Unavailable software; suspected compromise,Affected functions; backups; contacts; transactions; exposure,Fallback; stop risky writes; restore; notify; reconcile,Incident lead/principal,IT; operations; vendors,Service continuity and correct recovery,Privacy; banking risk; legal notification,Provide offline critical contacts and reconciliation checklist,Banking; access; emergency response,Can critical work continue without PMS login?,O01;O11
D100,Management-company people; systems; commercial health,Management business; separate from property owner,Which clients and services should the company grow?,Strategic review,Actual margins; workload; geography; retention; owner demand,Expand niche; deepen service; raise price; acquire; stop offering,Management principal,Sales and operations,Profitable service the company can deliver,Capacity; conflicts; client concentration; licensing,Analyze contribution after real service cost,Mandate pricing; staffing; systems,Are revenue and doors masking high cost-to-serve?,O01;O11
D101,Asset sale; refinancing; redevelopment; exit,PM contributes; owner/AM decides investment,What operational information supports acquisition; sale; or refinancing?,Transaction process,Leases; financials; condition; disputes; contracts; deposits,Provide verified records; correct inconsistency; flag unknown,Owner/AM; PM for operational accuracy,PM; finance; counsel; broker,Buyer/lender receives reliable operating facts,Confidentiality; representations; diligence scope,Reconcile rent roll and obligations; flag mismatches,Closed books; physical backlog; legal matters,Which diligence adjustments are preventable record failures?,O01;O10
D102,Asset sale; refinancing; redevelopment; exit,PM contributes; owner/AM decides investment,How should lender covenants; inspections; or reserve requests be handled?,Reporting date; loan event; property finding,Loan terms; required report; cash controls; project completion,Submit; cure; request waiver; escalate; revise distributions,Owner/AM; servicer/lender for consent,Finance and PM,Maintain financing and funded operations,Covenants; lender approval; restricted accounts,Track obligations and prepare submissions,Financial close; inspections; capital,Does PM know which actions need lender consent?,O01;O10
D103,Asset sale; refinancing; redevelopment; exit,PM contributes; owner/AM decides investment,What operating plan supports redevelopment or change of use?,Owner strategy change,Approvals; leases; relocation obligations; works; financing,Phase; vacant conversion; renew selectively; defer,Owner/AM with counsel and planners,Development team and PM,Feasible transition with lawful occupancy treatment,Zoning; lease rights; displacement; permits,Model schedule dependencies and tenant impacts,Lease expiry; capital; funding; authority,What occupancy constraints invalidate the owner's schedule?,O01;O10
D104,Asset sale; refinancing; redevelopment; exit,PM contributes; owner/AM decides investment,Is handover complete enough to end responsibility?,Sale; manager change; closure,Funds; records; keys; open jobs; notices; contracts; claims,Transfer; correct gaps; retain defined surviving duty; escalate,Outgoing and incoming authorized parties,Transition lead; finance; counsel,No orphaned money; work; access; or duty,Retention; privacy; assignments; funds; continuity,Reconcile transfer manifests and obtain receipt,Takeover; final close; terminated authority,Which obligations continue after nominal exit date?,O01;O10
D105,Segment-specific additional decisions,HOA; commercial; student; affordable; hospitality; specialized,What board or member approval is needed?,Association expenditure; policy; election; dispute,Governing documents; law; quorum; budget; conflicts,Board decision; member vote; delegated act; defer,Board/members as required,Association manager and counsel,Valid governance and executable instruction,Meeting notice; records; conflict; voting rules,Prepare agendas and track approvals; cannot invent board assent,Mandate; budget; reserve plan,Which decisions are routinely treated as manager authority incorrectly?,O07;O12;O15
D106,Segment-specific additional decisions,HOA; commercial; student; affordable; hospitality; specialized,How should common-property reserves and assessments be funded?,Reserve study or budget,Physical condition; useful lives; costs; funds; owner capacity,Regular assessment; special assessment; loan; staged work,Board/members under governing law,Manager; engineer; finance,Funded maintenance without unmanaged deterioration,Statutory reserve requirements; study competence; voting,Model funding alternatives from qualified assessment,Capital plan; delinquencies; insurance,Can owners afford the required physical work?,O07;O12;O15
D107,Segment-specific additional decisions,HOA; commercial; student; affordable; hospitality; specialized,What association rule or architectural action is appropriate?,Violation report or alteration request,Declaration; rules; design; facts; past decisions,Approve; condition; ask revision; hearing; lawful sanction,Board/committee; delegated manager,Community manager,Consistent lawful shared-property decisions,Due process; disability; selective enforcement; scope,Apply explicit criteria and prepare comparison; preserve appeal,Resident communications; legal review,Are standards clear enough for consistent outcomes?,O07;O12;O15
D108,Segment-specific additional decisions,HOA; commercial; student; affordable; hospitality; specialized,What commercial operating expense is recoverable from whom?,Budget; reconciliation; lease audit,Executed lease; area; caps; exclusions; occupancy; invoices,Recover; landlord pays; allocate; reconcile; dispute,Lease-defined rights; PM/controller administer,Lease administrator and accountant,Correct lease-based recoveries,Lease differs by tenant; no assumed universal pro rata rule,Extract verified terms and calculate; review ambiguities,AP coding; area; lease changes,What recoveries are lost through wrong lease interpretation?,O07;O12;O15
D109,Segment-specific additional decisions,HOA; commercial; student; affordable; hospitality; specialized,What happens when a commercial option or special clause triggers?,Expiry; sales threshold; anchor closure; notice,Option; break; exclusivity; cotenancy; percentage rent; guaranty,Exercise/acknowledge; adjust; negotiate; dispute; counsel,Tenant/owner as contract provides,Lease administrator; PM; counsel,Rights exercised and economics adjusted correctly,Exact trigger; service; authority; confidential sales,Monitor measurable triggers; alert early; validate legal effect,Tenant sales; occupancy; lease amendments,Are contingent clauses monitored after lease signing?,O07;O12;O15
D110,Segment-specific additional decisions,HOA; commercial; student; affordable; hospitality; specialized,How should commercial fit-out and occupancy proceed?,New tenant or expansion,Lease delivery standard; design; permits; work rules; allowances,Approve; revise; phase; release allowance; delay possession,Owner/PM within lease; building authority for permits,Project manager; tenant contractor; inspector,Usable compliant space and correct commencement,Landlord/tenant work split; insurance; lien; business interruption,Coordinate schedule and reconcile allowance milestones,Base-building readiness; lease commencement; access,Does legal commencement match delivered space?,O07;O12;O15
D111,Segment-specific additional decisions,HOA; commercial; student; affordable; hospitality; specialized,How should retail/industrial/office service differ?,Operating change or tenant request,Business hours; footfall; loading; equipment; security; use,Alter service; meter separately; schedule shutdown; prohibit unsafe use,PM within lease; specialist/authority where required,Building engineer and tenant operations,Property supports business use without conflicts,Permitted use; fire; environmental; access; neighboring tenants,Model shared-resource scheduling and affected parties,Lease; equipment capacity; utilities,Which tenant business constraints make generic scheduling fail?,O07;O12;O15
D112,Segment-specific additional decisions,HOA; commercial; student; affordable; hospitality; specialized,How should synchronized student turns and bed allocation run?,Academic cycle or roommate change,Bed leases; guarantors; calendars; inventory; staff capacity,Preassign; stagger; temporary placement; reassign; contract change,Operator under housing rules,Leasing; turn crews; resident-life staff,Beds ready on concentrated move-in dates,Individual lease; safeguarding; guaranty; fair treatment,Optimize bed/room allocation and critical-path turn schedule,Turn capacity; applicant eligibility; roommate agreements,What fails when hundreds of moves occur in one week?,O07;O12;O15
D113,Segment-specific additional decisions,HOA; commercial; student; affordable; hospitality; specialized,What recertification; subsidy change; or inspection correction is due?,Program anniversary; household change; agency notice,Specific program; income; household; effective rules; inspections,Recertify; adjust rent/subsidy; correct; appeal; agency referral,Authorized compliance role and agency where applicable,Compliance specialist; PM,Continued lawful assistance and eligible occupancy,Program-specific deadlines; privacy; current HOTMA implementation,Track versioned program rules and gather missing inputs,Eligibility; ledger; physical condition,Which program-specific decision is being flattened into generic rent?,O07;O12;O15
D114,Segment-specific additional decisions,HOA; commercial; student; affordable; hospitality; specialized,What booking; cancellation; guest remedy; or room-release decision is needed?,Reservation; turnover; complaint; channel issue,Inventory; rate; identity; policy; housekeeping; local stay limits,Accept; reprice; refund; relocate; extend; hold room,Hospitality operator within policy,Reservations; front desk; housekeeping,Accurate sellable inventory and fulfilled stay,Tax; accessibility; licensing; tenancy threshold; brand/OTA terms,Coordinate booking and housekeeping; bounded refunds,Physical readiness; payments; guest status,Where does nightly operation materially differ from residential leasing?,O07;O12;O15
D115,Segment-specific additional decisions,HOA; commercial; student; affordable; hospitality; specialized,What specialist duty lies outside ordinary property management?,Care service; laboratory; data center; specialized industrial use,Operator licenses; safety case; service contract; technical requirements,Specialist provider; scoped support; refer; decline,Licensed operator/technical authority,Qualified specialist; PM coordinates building services,Clear boundary and complete handoff,Care; clinical; environmental; critical-infrastructure rules,Recognize scope and route; never treat generic PM policy as sufficient,Mandate; emergency; tenant operations,Does real-estate scope conceal a regulated operating business?,O07;O12;O15
