url,provider,access_result,checked_date,evidence_limit
https://www.appfolio.com/pricing,AppFolio,Opened successfully with web tool; public page text available,2026-09-15,"Vendor source; product existence/advertised scope, not independently tested performance"
https://www.appfolio.com/ai,AppFolio,Opened successfully with web tool; public page text available,2026-09-15,"Vendor source; product existence/advertised scope, not independently tested performance"
https://www.appfolio.com/stack,AppFolio,Opened successfully with web tool; public page text available,2026-09-15,"Vendor source; product existence/advertised scope, not independently tested performance"
https://www.appfolio.com/newsroom/appfolio-ai-agents,AppFolio,Opened successfully with web tool; public page text available,2026-09-15,"Vendor source; product existence/advertised scope, not independently tested performance"
https://www.yardi.com/,Yardi,Opened successfully with web tool; public page text available,2026-09-15,"Vendor source; product existence/advertised scope, not independently tested performance"
https://www.yardi.com/virtuoso/,Yardi,Opened successfully with web tool; public page text available,2026-09-15,"Vendor source; product existence/advertised scope, not independently tested performance"
https://www.yardi.com/company/interfaces/,Yardi,Opened successfully with web tool; public page text available,2026-09-15,"Vendor source; product existence/advertised scope, not independently tested performance"
https://www.realpage.com/,RealPage,Opened successfully with web tool; public page text available,2026-09-15,"Vendor source; product existence/advertised scope, not independently tested performance"
https://www.realpage.com/lp/lumina-ai-workforce/,RealPage,Opened successfully with web tool; public page text available,2026-09-15,"Vendor source; product existence/advertised scope, not independently tested performance"
https://www.realpage.com/news/realpage-introduces-lumina-ai-suite/,RealPage,Opened successfully with web tool; public page text available,2026-09-15,"Vendor source; product existence/advertised scope, not independently tested performance"
https://www.buildium.com/pricing/,Buildium;HappyCo,Opened successfully with web tool; public page text available,2026-09-15,"Vendor source; product existence/advertised scope, not independently tested performance"
https://www.buildium.com/features/open-api/,Buildium,Opened successfully with web tool; public page text available,2026-09-15,"Vendor source; product existence/advertised scope, not independently tested performance"
https://www.mrisoftware.com/,MRI Software,Opened successfully with web tool; public page text available,2026-09-15,"Vendor source; product existence/advertised scope, not independently tested performance"
https://www.mrisoftware.com/mri-agora/,MRI Software,Opened successfully with web tool; public page text available,2026-09-15,"Vendor source; product existence/advertised scope, not independently tested performance"
https://www.entrata.com/,Entrata,Opened successfully with web tool; public page text available,2026-09-15,"Vendor source; product existence/advertised scope, not independently tested performance"
https://www.entrata.com/press/ai-powered-maintenance,Entrata,Opened successfully with web tool; public page text available,2026-09-15,"Vendor source; product existence/advertised scope, not independently tested performance"
https://www.entrata.com/products/leasing-ai,Entrata,Opened successfully with web tool; public page text available,2026-09-15,"Vendor source; product existence/advertised scope, not independently tested performance"
https://www.rentmanager.com/,Rent Manager,Opened successfully with web tool; public page text available,2026-09-15,"Vendor source; product existence/advertised scope, not independently tested performance"
https://www.rentmanager.com/software-customization/,Rent Manager,Opened successfully with web tool; public page text available,2026-09-15,"Vendor source; product existence/advertised scope, not independently tested performance"
https://www.rentmanager.com/pricing/,Rent Manager,Opened successfully with web tool; public page text available,2026-09-15,"Vendor source; product existence/advertised scope, not independently tested performance"
https://eliseai.com/platform-overview,EliseAI,Opened successfully with web tool; public page text available,2026-09-15,"Vendor source; product existence/advertised scope, not independently tested performance"
https://eliseai.com/delinquency,EliseAI,Opened successfully with web tool; public page text available,2026-09-15,"Vendor source; product existence/advertised scope, not independently tested performance"
https://support.meetelise.com/hc/en-us/articles/39887009308301-Getting-Started-with-MaintenanceAI,EliseAI,Opened successfully with web tool; public page text available,2026-09-15,"Vendor source; product existence/advertised scope, not independently tested performance"
https://funnelleasing.com/products/next-generation-crm,Funnel,Opened successfully with web tool; public page text available,2026-09-15,"Vendor source; product existence/advertised scope, not independently tested performance"
https://funnelleasing.com/products/packages,Funnel,Opened successfully with web tool; public page text available,2026-09-15,"Vendor source; product existence/advertised scope, not independently tested performance"
https://propertymeld.com/pricing/,Property Meld,Opened successfully with web tool; public page text available,2026-09-15,"Vendor source; product existence/advertised scope, not independently tested performance"
https://propertymeld.com/max-intelligence/,Property Meld,Opened successfully with web tool; public page text available,2026-09-15,"Vendor source; product existence/advertised scope, not independently tested performance"
https://propertymeld.com/truecost/,Property Meld,Opened successfully with web tool; public page text available,2026-09-15,"Vendor source; product existence/advertised scope, not independently tested performance"
https://latchel.com/,Latchel,Opened successfully with web tool; public page text available,2026-09-15,"Vendor source; product existence/advertised scope, not independently tested performance"
https://lula.life/,Lula,Opened successfully with web tool; public page text available,2026-09-15,"Vendor source; product existence/advertised scope, not independently tested performance"
https://lula.life/property-managers,Lula,Opened successfully with web tool; public page text available,2026-09-15,"Vendor source; product existence/advertised scope, not independently tested performance"
https://happy.co/,HappyCo,Opened successfully with web tool; public page text available,2026-09-15,"Vendor source; product existence/advertised scope, not independently tested performance"
https://www.lessen.com/,Lessen,Opened successfully with web tool; public page text available,2026-09-15,"Vendor source; product existence/advertised scope, not independently tested performance"
https://www.lessen.com/aiden,Lessen,Opened successfully with web tool; public page text available,2026-09-15,"Vendor source; product existence/advertised scope, not independently tested performance"
https://www.getrentcheck.com/plan-pricing,RentCheck,Opened successfully with web tool; public page text available,2026-09-15,"Vendor source; product existence/advertised scope, not independently tested performance"
https://zinspector.com/,zInspector,Opened successfully with web tool; public page text available,2026-09-15,"Vendor source; product existence/advertised scope, not independently tested performance"
https://www.gozego.com/,Zego,Opened successfully with web tool; public page text available,2026-09-15,"Vendor source; product existence/advertised scope, not independently tested performance"
https://www.payprop.com/us,PayProp,Opened successfully with web tool; public page text available,2026-09-15,"Vendor source; product existence/advertised scope, not independently tested performance"
https://www.payprop.com/us/pricing,PayProp,Opened successfully with web tool; public page text available,2026-09-15,"Vendor source; product existence/advertised scope, not independently tested performance"
https://getflex.com/,Flex,Opened successfully with web tool; public page text available,2026-09-15,"Vendor source; product existence/advertised scope, not independently tested performance"
https://www.vantaca.com/,Vantaca,Opened successfully with web tool; public page text available,2026-09-15,"Vendor source; product existence/advertised scope, not independently tested performance"
https://www.vantaca.com/vendor,Vantaca,Opened successfully with web tool; public page text available,2026-09-15,"Vendor source; product existence/advertised scope, not independently tested performance"
https://www.vts.com/,VTS,Opened successfully with web tool; public page text available,2026-09-15,"Vendor source; product existence/advertised scope, not independently tested performance"
https://www.buildingengines.com/,Building Engines,Opened successfully with web tool; public page text available,2026-09-15,"Vendor source; product existence/advertised scope, not independently tested performance"
https://facilio.com/,Facilio,Opened successfully with web tool; public page text available,2026-09-15,"Vendor source; product existence/advertised scope, not independently tested performance"
https://www.petscreening.com/,PetScreening,Opened successfully with web tool; public page text available,2026-09-15,"Vendor source; product existence/advertised scope, not independently tested performance"
https://www.obligo.com/,Obligo,Opened successfully with web tool; public page text available,2026-09-15,"Vendor source; product existence/advertised scope, not independently tested performance"
https://www.obligo.com/blog/obligo-introduces-the-first-ai-agent-for-security-deposits,Obligo,Opened successfully with web tool; public page text available,2026-09-15,"Vendor source; product existence/advertised scope, not independently tested performance"
https://www.theguarantors.com/,TheGuarantors,Opened successfully with web tool; public page text available,2026-09-15,"Vendor source; product existence/advertised scope, not independently tested performance"
https://www.findigs.com/,Findigs,Opened successfully with web tool; public page text available,2026-09-15,"Vendor source; product existence/advertised scope, not independently tested performance"
https://www.leadsimple.com/pricing,LeadSimple,Opened successfully with web tool; public page text available,2026-09-15,"Vendor source; product existence/advertised scope, not independently tested performance"
https://training.leadsimple.com/en/articles/8899456-detailed-overview-of-our-direct-api-integration-with-rent-manager,LeadSimple,Opened successfully with web tool; public page text available,2026-09-15,"Vendor source; product existence/advertised scope, not independently tested performance"
https://getjones.com/,Jones,Opened successfully with web tool; public page text available,2026-09-15,"Vendor source; product existence/advertised scope, not independently tested performance"
https://www.mrisoftware.com/partners/jones-software/,Jones,Opened successfully with web tool; public page text available,2026-09-15,"Vendor source; product existence/advertised scope, not independently tested performance"
https://www.fixflo.com/features,Fixflo,Opened successfully with web tool; public page text available,2026-09-15,"Vendor source; product existence/advertised scope, not independently tested performance"
https://www.fixflo.com/pricing/lettings,Fixflo,Opened successfully with web tool; public page text available,2026-09-15,"Vendor source; product existence/advertised scope, not independently tested performance"
https://www.fixflo.com/features/contractor-marketplace,Fixflo,Opened successfully with web tool; public page text available,2026-09-15,"Vendor source; product existence/advertised scope, not independently tested performance"
https://support.meetelise.com/hc/en-us/articles/42894477933453-VoiceAI-Escalation-Behavior-for-Emergency-Maintenance,EliseAI,Opened successfully; public help article; gated full screenshot version not accessed,2026-09-15,"Implementation instructions, updated 2026-08-04"
https://www.apmhelp.com/,APM Help,Opened successfully with web tool; public page text available,2026-09-15,"Vendor source; advertised offering or acquisition status, not independently tested performance"
https://www.apmhelp.com/services,APM Help,Opened successfully with web tool; public page text available,2026-09-15,"Vendor source; advertised offering or acquisition status, not independently tested performance"
https://ojobookkeeping.com/,OJO Bookkeeping,Opened successfully with web tool; public page text available,2026-09-15,"Vendor source; advertised offering or acquisition status, not independently tested performance"
https://www.secondnature.com/,Second Nature,Opened successfully with web tool; public page text available,2026-09-15,"Vendor source; advertised offering or acquisition status, not independently tested performance"
https://www.secondnature.com/benefits,Second Nature,Opened successfully with web tool; public page text available,2026-09-15,"Vendor source; advertised offering or acquisition status, not independently tested performance"
https://propertymeld.com/property-meld-mezo/,Mezo (now Property Meld),Opened successfully with web tool; public page text available,2026-09-15,"Vendor source; advertised offering or acquisition status, not independently tested performance"
https://propertymeld.com/blog/property-meld-acquires-mezo-advancing-ai-driven-property-maintenance-operations/,Mezo (now Property Meld),Opened successfully with web tool; public page text available,2026-09-15,"Vendor source; advertised offering or acquisition status, not independently tested performance"
https://www.conservice.com/,Conservice,Opened successfully with web tool; public page text available,2026-09-15,"Vendor source; advertised offering or acquisition status, not independently tested performance"
https://www.conservice.com/solutions/expense-management/,Conservice,Opened successfully with web tool; public page text available,2026-09-15,"Vendor source; advertised offering or acquisition status, not independently tested performance"
https://www.conservice.com/solutions/expense-recovery/,Conservice,Opened successfully with web tool; public page text available,2026-09-15,"Vendor source; advertised offering or acquisition status, not independently tested performance"
https://www.avidxchange.com/,AvidXchange,Opened successfully with web tool; public page text available,2026-09-15,"Vendor source; advertised offering or acquisition status, not independently tested performance"
https://www.avidxchange.com/solutions/avidsuite-for-real-estate/,AvidXchange,Opened successfully with web tool; public page text available,2026-09-15,"Vendor source; advertised offering or acquisition status, not independently tested performance"
https://www.vendoroo.ai/,Vendoroo,Opened successfully with web tool; public page text available,2026-09-15,"Vendor source; advertised offering or acquisition status, not independently tested performance"
https://www.vendoroo.ai/pricing-vendors,Vendoroo,Opened successfully with web tool; public page text available,2026-09-15,"Vendor source; advertised offering or acquisition status, not independently tested performance"
https://www.rentmanager.com/integrations/vendoroo/,Vendoroo,Opened successfully with web tool; public page text available,2026-09-15,"Vendor source; advertised offering or acquisition status, not independently tested performance"
https://www.proper.ai/,Proper,Opened successfully with web tool; public page text available,2026-09-15,"Vendor source; advertised offering or acquisition status, not independently tested performance"
https://www.proper.ai/how-it-works,Proper,Opened successfully with web tool; public page text available,2026-09-15,"Vendor source; advertised offering or acquisition status, not independently tested performance"
