Transition,Conditions to establish,Exception or reversal,Consequence for connected work
Agreement signed → active management,Effective mandate; owner identity; funding; access; emergency contacts,Closing slips; authority contested; essential records absent,Conditional takeover; preserve emergency coverage; do not assume all powers started
Old manager → new manager,Funds/liabilities reconcile; records and keys received; open matters assigned,Missing deposits; disputed invoices; old credentials active,Separate unknown opening balances; revoke access; assign surviving duties
Future vacancy → marketable offer,Forecast date and permitted marketing; truthful attributes,Notice withdrawn; holdover; works delayed,"Update prospects, commitments, staffing, and financial forecast"
Applicant → accepted tenant,Permitted screening; actual decision authority; program fit,Report error; accommodation; queue priority; adverse action,"Correct decision, provide applicable notice, preserve dispute path"
Accepted → signed → possession,Operative agreement; required disclosures; funds conditions; safe readiness; legal availability,Signature fails; payment returns; current occupant remains; unit unsafe,Delay/alternative/credit as lawful; do not issue misleading access or readiness
Report → repair response,Correct location; severity; safe next step,Emergency; duplicate report; ambiguous unit; multiple affected systems,Immediate protection; merge facts without losing distinct affected occupants
Scope → approved/funded work,Correct responsibility; sufficient authority and cash,Owner silent; estimate exceeds cap; mandatory urgent duty,Defined emergency process; specific approval; owner funding; lawful mitigation
Assigned → attended → repaired,Confirmed provider; parts; lawful access; adequate diagnosis,No-show; no access; hidden damage; parts unavailable,Replan with named blocker and next commitment; update occupant
Completion claimed → verified,Original problem tested; competent assessment; unresolved issues recorded,Callback; resident disagreement; new defect,Reopen linked work; preserve history; avoid duplicate-charge assumptions
Invoice → payment,Approved scope; delivered work; payee verified; correct entity and funds,Duplicate; changed bank details; disputed scope; lien issue,Hold appropriate payment; verify independently; pay undisputed amount only when authorized
Receipt → settled available cash,Bank confirmation; allocation; reserves and restrictions recognized,Return; chargeback; wrong payer; unidentified receipt,Reverse correct entry; reassess arrears and distributions; no silent overwrite
Arrears → enforcement,Accurate debt; required notices; authority; no applicable hold,Repair dispute; assistance; bankruptcy; protected circumstance,Pause prohibited actions; counsel; settlement; corrected balance; essential repairs continue
Notice → possession returned,Actual surrender or lawful enforcement; belongings/access addressed,Abandonment uncertain; death/probate; holdover,Counsel and authorized process; delay turn and incoming possession
Vacant → ready → occupied,Sequenced work; inspection; utilities; legally usable space,Failed final check; damage after inspection; new tenant cancels,Reopen readiness; revise availability and commercial commitments
Inspection → compliant,Specific deficiency remedied; required acceptance/certification,Finding contested; remedial work insufficient; deadline missed,Appeal/correction as available; exposure remains until resolved
Casualty → safe reoccupation,Qualified safety finding; restoration; service; required permission,Hidden damage; claim denied; funding insufficient; tenant displacement,Separate recovery negotiation from urgent safety; alternative accommodation and funding plan
Solvent owner → receiver/bankruptcy control,Court order; debtor identity; authority; restricted funds,Changing orders; partial asset coverage; stay relief,Replace approval path; hold affected collection/payments; continue permitted essential operation
Operating asset → sale/redevelopment,Transaction; assignment; notices; cash/deposits; tenant rights; work continuity,Sale fails; loan consent absent; possession schedule infeasible,Continue current obligations; reverse provisional changes; retain verified records
Case closed → reopened,New fact; reversal; recurrence; dispute; appeal,Prior record deleted or overwritten,"Preserve old decision, record correction and downstream changes"
