Party,What it supplies or receives,Decisions/rights it usually holds,Main connection to the manager
Beneficial owner; property-owning entity; investor; fund,"Equity, objective, risk capital; distributions and property value",Investment strategy and reserved approvals,"Mandate, budgets, approvals, funding, reporting"
Asset manager; owner representative; family office,Portfolio direction and capital allocation,Delegated owner decisions,"Operating plan, exceptions, forecasts, transaction preparation"
Association/co-op board; committees; voting members,"Collective authority, assessments, shared-property decisions","Reserved votes, budgets, rules, capital decisions","Meeting materials, approvals, enforcement, reserves, records"
Management-company principal; licensed broker where applicable,Contractual operating service and supervision,"Client acceptance, staffing, delegated actions","Scope, economics, supervision, escalation, liability"
Regional/site/property manager,Day-to-day coordination and decisions,"Authority granted by mandate, policy, law",Owns execution across people and systems
Leasing/brokerage; marketing; reservations staff,"Demand, tours, negotiation, booking",Delegated offers and representations,"Availability, pricing, approved terms, qualification"
Bookkeeper; controller; treasury; payroll; CPA,"Accurate books, client funds, payments, filings",Financial controls and approved releases,"Bill/receipt matching, cash availability, distributions, close"
Prospective occupant; applicant; tenant; resident; guest,"Demand, payment, information; receives use and service","Application, agreement, notice, complaint, lawful remedies",Inquiry through move-out and later disputes
Roommates; household members; guarantor; emergency contact; representative,"Shared use, guarantee, consent, emergency support",Rights differ from named payer or leaseholder,"Occupancy, access, changes, lawful disclosure"
Housing authority; subsidy administrator; tax-credit allocator; service coordinator,"Assistance, eligibility rules, monitoring, resident support",Program approval and oversight within program,"Certification, assistance payment, inspection, transfer, reporting"
Maintenance employee; building engineer; cleaner; concierge; security,Physical service and observations,Role-specific operational and technical authority,"Work, access, condition, safety, shift coverage"
Trade contractor; general contractor; subcontractor; supplier,"Skilled work, parts, capacity, warranties",Methods within qualification and contract,"Scope, bid, dispatch, progress, change, completion, invoice"
Architect; engineer; surveyor; inspector; environmental specialist,Qualified assessment or certification,Professional conclusions within scope,"Design, safety, condition, permits, reserve studies"
Utility; telecom; waste; meter provider; district service,Essential infrastructure and measured usage,Service/network control and tariff administration,"Account transfer, interruption, repair, billing, capacity"
Bank; payment processor; card network; escrow provider,"Settlement, account custody, payment events","Payment controls, returns, holds","Receipts, releases, reconciliations, fraud responses"
Lender; servicer; lender's inspector,Debt and restricted reserves,"Covenants, consents, draws, cash management","Reporting, reserve release, repairs, insurance, default"
Insurance broker; insurer; adjuster; restoration firm,"Risk transfer, claims determination, recovery",Policy coverage and claim approval,"Risk changes, renewals, incident notice, mitigation, payment"
Lawyer; mediator; court; enforcement officer; receiver; trustee,"Advice, dispute resolution, enforceable orders","Legal representation, adjudication, lawful enforcement/control","Notices, claims, possession, insolvency, transfer of authority"
Building/fire/health/environment/rental regulator; tax authority,"Public standards, permits, inspections, taxes",Enforcement and statutory approvals,"Registration, filings, inspections, correction, appeals"
Emergency responders; neighboring owners; adjacent occupants,Immediate response and shared exposure,Emergency powers; independent rights,"Hazards, access, common systems, incident communication"
PMS; CRM; access-control; accounting; screening; communications; AI vendors,"Records, calculations, workflows, interfaces",Only permissions delegated to software/provider,"Data, actions, audit history, outages, export, switching"
Buyer; seller; developer; outgoing/incoming manager,Asset or responsibility transfer,Transaction-specific rights,"Diligence, assignments, opening balances, keys, unfinished obligations"
