Segment,Operating distinctions,Buyer/authority differences,Product consequence
Self-managed small landlord,"Few properties; owner does leasing, approval, bookkeeping and vendor selection; sporadic work","User, payer and owner often one person",Simple low-cost or event-based service; less coordination volume per account
Third-party scattered single-family/small multifamily,Travel; different owners and standards; vendor coverage; separate reserves; heterogeneous homes,PM buys tools but owner may get most property-level benefit,Owner authority and client-level economics can dominate software sophistication
Large institutional single-family,Geographic clusters; centralized staff; standardized policies; remote field execution,More consistent delegated authority and procurement,"Route density, repeatable service and integration can improve economics"
Conventional multifamily,Shared systems; on-site team; many residents affected by one incident; continuous leasing,Owner/AM and regional/site teams divide rights,Building-wide cause and impact matter alongside unit tickets
Student/shared housing/co-living,Bed and room can be separate saleable units; guarantors; roommates; concentrated turns,Student/household/guarantor rights differ; operator policies matter,Lease identity is not room occupancy; seasonal capacity and allocation are central
Affordable/subsidized/restricted housing,Program eligibility; waitlists; recertification; rent/subsidy split; inspections; agency contact,PHA/contract administrator/allocator may hold key decisions,Program-specific state and dates; never one generic affordable-housing rule set
HOA/condominium/co-op,Common property; assessments; reserves; votes; rule enforcement; architectural requests,Board/member governance; manager implements delegated authority,Approval validity and common/private responsibility matter more than lease funnel
Office,Tenant buildouts; lease abstracts; shared services; after-hours HVAC; expense recoveries,Tenant companies and brokers; negotiated long leases,"Clause-specific charges, operating hours and fit-out delivery"
Retail,Co-tenancy; permitted use; exclusivity; sales reporting; percentage rent; shared customer areas,Anchor and other tenants' rights interact,One tenant's condition can trigger another lease's economics
Industrial/logistics,Loading; power; fire systems; permitted processes; environmental exposure; roof/slab responsibility,Tenant operates its own production/logistics business,"Technical scope, downtime and responsibility split; standard residential repair triage insufficient"
Mixed-use,"Residential, commercial and common elements share systems",Multiple contracts and governance layers,Allocate physical impact and cost across distinct legal rights
Hospitality/short-stay,Nightly inventory; channels; housekeeping; guest recovery; lodging taxes; brand/OTA conditions,Operator may control guest service and pricing; owner retains capital,"Different tempo, inventory granularity and payment/tenancy rules; separate initial market"
Manufactured housing; parking; storage,Land/site/space rights may differ from building ownership; vehicles or goods rather than a household unit,Specialized occupancy and lien/possession rules,Same operating families with different objects and legal consequences
Senior housing; healthcare; data centers; specialist industrial,"Building operations coexist with care, clinical, critical-IT or process operations",Licensed/qualified operators hold specialized responsibilities,Distinguish real-estate service from regulated operating business; partner for specialization
