source_id,publisher,title,url,accessed,source_type,what_it_supports,limitations
O01,California Department of Real Estate,Reference Book chapter 22 Property Management,https://www.dre.ca.gov/files/pdf/refbook/ref22.pdf,2026-09-15,Official professional reference,"Management agreements; agency; owner and occupant responsibilities; maintenance; accounting; personnel; broad asset coverage","Background scope anchor; not current fee benchmark or complete legal implementation; decision taxonomy is original synthesis"
O02,California Department of Real Estate,Reference Book chapter 21 Trust Funds,https://www.dre.ca.gov/files/pdf/refbook/ref21.pdf,2026-09-15,Official professional reference,"Separate beneficiary records and monthly reconciliation; distinction between bank cash and liabilities","California example; do not universalize timing or licensing details"
O03,Federal Trade Commission,Using Consumer Reports What Landlords Need to Know,https://www.ftc.gov/business-guidance/resources/using-consumer-reports-what-landlords-need-know,2026-09-15,Official regulator guidance,"Permissible purpose; adverse action including conditions; notices; consumer-report disposal","July 2023 page; federal FCRA anchor does not replace state/local screening restrictions"
O04,US Department of Justice,Justice Department Requires RealPage to End the Sharing of Competitively Sensitive Information,https://www.justice.gov/opa/pr/justice-department-requires-realpage-end-sharing-competitively-sensitive-information-and,2026-09-15,Official enforcement announcement,"Antitrust constraints on shared competitively sensitive rental data and coordinated recommendations","Proposed settlement announcement 2025-11-24; not a universal prohibition on all pricing software; current docket and local laws needed before implementation"
O05,US Environmental Protection Agency,Real Estate Disclosures about Potential Lead Hazards,https://www.epa.gov/lead/real-estate-disclosures-about-potential-lead-hazards,2026-09-15,Official regulator guidance,"Disclosures before signing for most pre-1978 housing; property-age-dependent obligations","Illustrative disclosure family; exemptions and renovation requirements need property-specific review"
O06,US Department of Energy,Operations and Maintenance Challenges and Solutions,https://www.energy.gov/cmei/femp/operations-and-maintenance-challenges-and-solutions,2026-09-15,Official operational guidance,"System interactions and preventive/predictive/reactive maintenance; reliability; safety; energy","Federal-facility guidance is an analogue; no claimed rental-property savings rate"
O07,US Department of Housing and Urban Development,Handbook 4350.3 Chapter 4 Waiting List and Tenant Selection,https://archives.hud.gov/offices/adm/hudclips/handbooks/hsgh/43503c4HSGH.PDF,2026-09-15,Archived official program handbook,"Affordable-housing waiting lists; selection; transfers; occupancy and program-specific administration","Historical architecture source only; current HOTMA/program notices and law must govern actual rules"
O08,New York City HPD,Heat and Hot Water,https://www.nyc.gov/site/hpd/services-and-information/heat-and-hot-water-information.page,2026-09-15,Official local regulator guidance,"Essential-service duties depend on time; weather; location and condition","Representative local rule; no generalization to other places"
O09,US Occupational Safety and Health Administration,1910.147 The control of hazardous energy,https://www.osha.gov/laws-regs/regulations/standardnumber/1910/1910.147,2026-09-15,Official regulation,"Qualified physical execution and energy isolation cannot be replaced by a workflow status","Scope/exceptions depend on work and employer; not a general property-management manual"
O10,US Courts,Chapter 11 Bankruptcy Basics,https://www.uscourts.gov/court-programs/bankruptcy/bankruptcy-basics/chapter-11-bankruptcy-basics,2026-09-15,Official judiciary guidance,"Automatic-stay exceptions; debtor-in-possession; trustee; cash collateral and changed authority","Chapter 11 overview; particular court orders and other bankruptcy chapters differ"
O11,California Contractors State License Board,Hire a Licensed Contractor,https://www.cslb.ca.gov/Consumers/Hire_A_Contractor/,2026-09-15,Official regulator guidance,"Contractor verification and qualified supply as part of procurement","California-specific; performance optimization in inventory is an original hypothesis"
O12,RICS,Service Charges in Commercial Property second edition,https://www.rics.org/content/dam/ricsglobal/documents/standards/Service-Charges-in-Commercial-Property-2nd-edition.pdf,2026-09-15,Professional standard,"Commercial service-charge procurement; allocation; budgets; reconciliation and lease constraints","UK professional standard; not US law; revised effective-date transition explained on RICS standard page"
O13,California Attorney General,Landlord-Tenant Issues,https://oag.ca.gov/tenants,2026-09-15,Official regulator guidance,"Deposit deductions/return; no self-help lockout; habitability; notices; accommodations; local variation","Representative state illustration; exceptions and city overlays require actual statutory review"
O14,US Department of Justice,The Fair Housing Act,https://www.justice.gov/crt/fair-housing-act-1,2026-09-15,Official regulator guidance,"Protected housing rights and disability-related considerations across the lifecycle","Page updated 2023; does not establish current detailed HUD enforcement guidance or local protected categories"
O15,Florida Legislature,Section 718.112 Condominium Bylaws,https://www.leg.state.fl.us/statutes/index.cfm?App_mode=Display_Statute&URL=0700-0799/0718/Sections/0718.112.html,2026-09-15,Official statute,"Condominium governance and structural-integrity reserves tied to physical assets and funding plans","Scope; exceptions; deadlines and amendments must be checked for the exact association"
