group,category,measure,value,status,period,source_url,notes
RHFS size,1 unit,records,377,Independent descriptive calculation,2024 survey; financial reference 2023,https://www2.census.gov/programs-surveys/rhfs/data/public-use-files/2024/rhfspuf2024.csv,Descriptive survey-weighted point estimates; no confidence intervals. Not Census-endorsed estimates.
RHFS size,1 unit,properties,15713999.99996646,Independent descriptive calculation,2024 survey; financial reference 2023,https://www2.census.gov/programs-surveys/rhfs/data/public-use-files/2024/rhfspuf2024.csv,Descriptive survey-weighted point estimates; no confidence intervals. Not Census-endorsed estimates.
RHFS size,1 unit,units_puf,15713999.99996646,Independent descriptive calculation,2024 survey; financial reference 2023,https://www2.census.gov/programs-surveys/rhfs/data/public-use-files/2024/rhfspuf2024.csv,Descriptive survey-weighted point estimates; no confidence intervals. Not Census-endorsed estimates.
RHFS size,1 unit,share_properties,0.8285975665933718,Independent descriptive calculation,2024 survey; financial reference 2023,https://www2.census.gov/programs-surveys/rhfs/data/public-use-files/2024/rhfspuf2024.csv,Descriptive survey-weighted point estimates; no confidence intervals. Not Census-endorsed estimates.
RHFS size,1 unit,share_units_puf,0.3149402938571552,Independent descriptive calculation,2024 survey; financial reference 2023,https://www2.census.gov/programs-surveys/rhfs/data/public-use-files/2024/rhfspuf2024.csv,Descriptive survey-weighted point estimates; no confidence intervals. Not Census-endorsed estimates.
RHFS size,2–4 units,records,448,Independent descriptive calculation,2024 survey; financial reference 2023,https://www2.census.gov/programs-surveys/rhfs/data/public-use-files/2024/rhfspuf2024.csv,Descriptive survey-weighted point estimates; no confidence intervals. Not Census-endorsed estimates.
RHFS size,2–4 units,properties,2765914.91200245,Independent descriptive calculation,2024 survey; financial reference 2023,https://www2.census.gov/programs-surveys/rhfs/data/public-use-files/2024/rhfspuf2024.csv,Descriptive survey-weighted point estimates; no confidence intervals. Not Census-endorsed estimates.
RHFS size,2–4 units,units_puf,7703999.99998375,Independent descriptive calculation,2024 survey; financial reference 2023,https://www2.census.gov/programs-surveys/rhfs/data/public-use-files/2024/rhfspuf2024.csv,Descriptive survey-weighted point estimates; no confidence intervals. Not Census-endorsed estimates.
RHFS size,2–4 units,share_properties,0.1458464022842333,Independent descriptive calculation,2024 survey; financial reference 2023,https://www2.census.gov/programs-surveys/rhfs/data/public-use-files/2024/rhfspuf2024.csv,Descriptive survey-weighted point estimates; no confidence intervals. Not Census-endorsed estimates.
RHFS size,2–4 units,share_units_puf,0.15440371795059088,Independent descriptive calculation,2024 survey; financial reference 2023,https://www2.census.gov/programs-surveys/rhfs/data/public-use-files/2024/rhfspuf2024.csv,Descriptive survey-weighted point estimates; no confidence intervals. Not Census-endorsed estimates.
RHFS size,5–24 units,records,662,Independent descriptive calculation,2024 survey; financial reference 2023,https://www2.census.gov/programs-surveys/rhfs/data/public-use-files/2024/rhfspuf2024.csv,Descriptive survey-weighted point estimates; no confidence intervals. Not Census-endorsed estimates.
RHFS size,5–24 units,properties,329560.301527704,Independent descriptive calculation,2024 survey; financial reference 2023,https://www2.census.gov/programs-surveys/rhfs/data/public-use-files/2024/rhfspuf2024.csv,Descriptive survey-weighted point estimates; no confidence intervals. Not Census-endorsed estimates.
RHFS size,5–24 units,units_puf,4091000.000005514,Independent descriptive calculation,2024 survey; financial reference 2023,https://www2.census.gov/programs-surveys/rhfs/data/public-use-files/2024/rhfspuf2024.csv,Descriptive survey-weighted point estimates; no confidence intervals. Not Census-endorsed estimates.
RHFS size,5–24 units,share_properties,0.01737768002368692,Independent descriptive calculation,2024 survey; financial reference 2023,https://www2.census.gov/programs-surveys/rhfs/data/public-use-files/2024/rhfspuf2024.csv,Descriptive survey-weighted point estimates; no confidence intervals. Not Census-endorsed estimates.
RHFS size,5–24 units,share_units_puf,0.08199190162747287,Independent descriptive calculation,2024 survey; financial reference 2023,https://www2.census.gov/programs-surveys/rhfs/data/public-use-files/2024/rhfspuf2024.csv,Descriptive survey-weighted point estimates; no confidence intervals. Not Census-endorsed estimates.
RHFS size,25–49 units,records,445,Independent descriptive calculation,2024 survey; financial reference 2023,https://www2.census.gov/programs-surveys/rhfs/data/public-use-files/2024/rhfspuf2024.csv,Descriptive survey-weighted point estimates; no confidence intervals. Not Census-endorsed estimates.
RHFS size,25–49 units,properties,73768.0744342384,Independent descriptive calculation,2024 survey; financial reference 2023,https://www2.census.gov/programs-surveys/rhfs/data/public-use-files/2024/rhfspuf2024.csv,Descriptive survey-weighted point estimates; no confidence intervals. Not Census-endorsed estimates.
RHFS size,25–49 units,units_puf,2707999.9999993774,Independent descriptive calculation,2024 survey; financial reference 2023,https://www2.census.gov/programs-surveys/rhfs/data/public-use-files/2024/rhfspuf2024.csv,Descriptive survey-weighted point estimates; no confidence intervals. Not Census-endorsed estimates.
RHFS size,25–49 units,share_properties,0.003889782803144911,Independent descriptive calculation,2024 survey; financial reference 2023,https://www2.census.gov/programs-surveys/rhfs/data/public-use-files/2024/rhfspuf2024.csv,Descriptive survey-weighted point estimates; no confidence intervals. Not Census-endorsed estimates.
RHFS size,25–49 units,share_units_puf,0.054273788708591106,Independent descriptive calculation,2024 survey; financial reference 2023,https://www2.census.gov/programs-surveys/rhfs/data/public-use-files/2024/rhfspuf2024.csv,Descriptive survey-weighted point estimates; no confidence intervals. Not Census-endorsed estimates.
RHFS size,50+ units,records,2493,Independent descriptive calculation,2024 survey; financial reference 2023,https://www2.census.gov/programs-surveys/rhfs/data/public-use-files/2024/rhfspuf2024.csv,Descriptive survey-weighted point estimates; no confidence intervals. Not Census-endorsed estimates.
RHFS size,50+ units,properties,81330.8714788981,Independent descriptive calculation,2024 survey; financial reference 2023,https://www2.census.gov/programs-surveys/rhfs/data/public-use-files/2024/rhfspuf2024.csv,Descriptive survey-weighted point estimates; no confidence intervals. Not Census-endorsed estimates.
RHFS size,50+ units,units_puf,19678171.581658155,Independent descriptive calculation,2024 survey; financial reference 2023,https://www2.census.gov/programs-surveys/rhfs/data/public-use-files/2024/rhfspuf2024.csv,Descriptive survey-weighted point estimates; no confidence intervals. Not Census-endorsed estimates.
RHFS size,50+ units,share_properties,0.004288568295563006,Independent descriptive calculation,2024 survey; financial reference 2023,https://www2.census.gov/programs-surveys/rhfs/data/public-use-files/2024/rhfspuf2024.csv,Descriptive survey-weighted point estimates; no confidence intervals. Not Census-endorsed estimates.
RHFS size,50+ units,share_units_puf,0.3943902978561899,Independent descriptive calculation,2024 survey; financial reference 2023,https://www2.census.gov/programs-surveys/rhfs/data/public-use-files/2024/rhfspuf2024.csv,Descriptive survey-weighted point estimates; no confidence intervals. Not Census-endorsed estimates.
RHFS management,Not reported,records,309,Independent descriptive calculation,2024 survey; financial reference 2023,https://www2.census.gov/programs-surveys/rhfs/data/public-use-files/2024/rhfspuf2024.csv,Descriptive survey-weighted point estimates; no confidence intervals. Not Census-endorsed estimates.
RHFS management,Not reported,properties,929477.3510794924,Independent descriptive calculation,2024 survey; financial reference 2023,https://www2.census.gov/programs-surveys/rhfs/data/public-use-files/2024/rhfspuf2024.csv,Descriptive survey-weighted point estimates; no confidence intervals. Not Census-endorsed estimates.
RHFS management,Not reported,units_puf,3364700.469922763,Independent descriptive calculation,2024 survey; financial reference 2023,https://www2.census.gov/programs-surveys/rhfs/data/public-use-files/2024/rhfspuf2024.csv,Descriptive survey-weighted point estimates; no confidence intervals. Not Census-endorsed estimates.
RHFS management,Not reported,share_properties,0.04901124292412908,Independent descriptive calculation,2024 survey; financial reference 2023,https://www2.census.gov/programs-surveys/rhfs/data/public-use-files/2024/rhfspuf2024.csv,Descriptive survey-weighted point estimates; no confidence intervals. Not Census-endorsed estimates.
RHFS management,Not reported,share_units_puf,0.06743539230883575,Independent descriptive calculation,2024 survey; financial reference 2023,https://www2.census.gov/programs-surveys/rhfs/data/public-use-files/2024/rhfspuf2024.csv,Descriptive survey-weighted point estimates; no confidence intervals. Not Census-endorsed estimates.
RHFS management,Owner or unpaid agent,records,918,Independent descriptive calculation,2024 survey; financial reference 2023,https://www2.census.gov/programs-surveys/rhfs/data/public-use-files/2024/rhfspuf2024.csv,Descriptive survey-weighted point estimates; no confidence intervals. Not Census-endorsed estimates.
RHFS management,Owner or unpaid agent,properties,10132958.082053386,Independent descriptive calculation,2024 survey; financial reference 2023,https://www2.census.gov/programs-surveys/rhfs/data/public-use-files/2024/rhfspuf2024.csv,Descriptive survey-weighted point estimates; no confidence intervals. Not Census-endorsed estimates.
RHFS management,Owner or unpaid agent,units_puf,16513839.997295583,Independent descriptive calculation,2024 survey; financial reference 2023,https://www2.census.gov/programs-surveys/rhfs/data/public-use-files/2024/rhfspuf2024.csv,Descriptive survey-weighted point estimates; no confidence intervals. Not Census-endorsed estimates.
RHFS management,Owner or unpaid agent,share_properties,0.5343098134911541,Independent descriptive calculation,2024 survey; financial reference 2023,https://www2.census.gov/programs-surveys/rhfs/data/public-use-files/2024/rhfspuf2024.csv,Descriptive survey-weighted point estimates; no confidence intervals. Not Census-endorsed estimates.
RHFS management,Owner or unpaid agent,share_units_puf,0.3309707026517383,Independent descriptive calculation,2024 survey; financial reference 2023,https://www2.census.gov/programs-surveys/rhfs/data/public-use-files/2024/rhfspuf2024.csv,Descriptive survey-weighted point estimates; no confidence intervals. Not Census-endorsed estimates.
RHFS management,Owner-employed manager,records,1235,Independent descriptive calculation,2024 survey; financial reference 2023,https://www2.census.gov/programs-surveys/rhfs/data/public-use-files/2024/rhfspuf2024.csv,Descriptive survey-weighted point estimates; no confidence intervals. Not Census-endorsed estimates.
RHFS management,Owner-employed manager,properties,2785620.351731199,Independent descriptive calculation,2024 survey; financial reference 2023,https://www2.census.gov/programs-surveys/rhfs/data/public-use-files/2024/rhfspuf2024.csv,Descriptive survey-weighted point estimates; no confidence intervals. Not Census-endorsed estimates.
RHFS management,Owner-employed manager,units_puf,10998000.83358925,Independent descriptive calculation,2024 survey; financial reference 2023,https://www2.census.gov/programs-surveys/rhfs/data/public-use-files/2024/rhfspuf2024.csv,Descriptive survey-weighted point estimates; no confidence intervals. Not Census-endorsed estimates.
RHFS management,Owner-employed manager,share_properties,0.1468854680477517,Independent descriptive calculation,2024 survey; financial reference 2023,https://www2.census.gov/programs-surveys/rhfs/data/public-use-files/2024/rhfspuf2024.csv,Descriptive survey-weighted point estimates; no confidence intervals. Not Census-endorsed estimates.
RHFS management,Owner-employed manager,share_units_puf,0.2204221467722559,Independent descriptive calculation,2024 survey; financial reference 2023,https://www2.census.gov/programs-surveys/rhfs/data/public-use-files/2024/rhfspuf2024.csv,Descriptive survey-weighted point estimates; no confidence intervals. Not Census-endorsed estimates.
RHFS management,Management company,records,1889,Independent descriptive calculation,2024 survey; financial reference 2023,https://www2.census.gov/programs-surveys/rhfs/data/public-use-files/2024/rhfspuf2024.csv,Descriptive survey-weighted point estimates; no confidence intervals. Not Census-endorsed estimates.
RHFS management,Management company,properties,4092902.787049095,Independent descriptive calculation,2024 survey; financial reference 2023,https://www2.census.gov/programs-surveys/rhfs/data/public-use-files/2024/rhfspuf2024.csv,Descriptive survey-weighted point estimates; no confidence intervals. Not Census-endorsed estimates.
RHFS management,Management company,units_puf,17609436.190117642,Independent descriptive calculation,2024 survey; financial reference 2023,https://www2.census.gov/programs-surveys/rhfs/data/public-use-files/2024/rhfspuf2024.csv,Descriptive survey-weighted point estimates; no confidence intervals. Not Census-endorsed estimates.
RHFS management,Management company,share_properties,0.21581833331165512,Independent descriptive calculation,2024 survey; financial reference 2023,https://www2.census.gov/programs-surveys/rhfs/data/public-use-files/2024/rhfspuf2024.csv,Descriptive survey-weighted point estimates; no confidence intervals. Not Census-endorsed estimates.
RHFS management,Management company,share_units_puf,0.35292866287299934,Independent descriptive calculation,2024 survey; financial reference 2023,https://www2.census.gov/programs-surveys/rhfs/data/public-use-files/2024/rhfspuf2024.csv,Descriptive survey-weighted point estimates; no confidence intervals. Not Census-endorsed estimates.
RHFS management,Other,records,74,Independent descriptive calculation,2024 survey; financial reference 2023,https://www2.census.gov/programs-surveys/rhfs/data/public-use-files/2024/rhfspuf2024.csv,Descriptive survey-weighted point estimates; no confidence intervals. Not Census-endorsed estimates.
RHFS management,Other,properties,1023615.587496579,Independent descriptive calculation,2024 survey; financial reference 2023,https://www2.census.gov/programs-surveys/rhfs/data/public-use-files/2024/rhfspuf2024.csv,Descriptive survey-weighted point estimates; no confidence intervals. Not Census-endorsed estimates.
RHFS management,Other,units_puf,1409194.0906880186,Independent descriptive calculation,2024 survey; financial reference 2023,https://www2.census.gov/programs-surveys/rhfs/data/public-use-files/2024/rhfspuf2024.csv,Descriptive survey-weighted point estimates; no confidence intervals. Not Census-endorsed estimates.
RHFS management,Other,share_properties,0.05397514222530994,Independent descriptive calculation,2024 survey; financial reference 2023,https://www2.census.gov/programs-surveys/rhfs/data/public-use-files/2024/rhfspuf2024.csv,Descriptive survey-weighted point estimates; no confidence intervals. Not Census-endorsed estimates.
RHFS management,Other,share_units_puf,0.02824309539417071,Independent descriptive calculation,2024 survey; financial reference 2023,https://www2.census.gov/programs-surveys/rhfs/data/public-use-files/2024/rhfspuf2024.csv,Descriptive survey-weighted point estimates; no confidence intervals. Not Census-endorsed estimates.
RHFS expenses,OPREP,valid_records,1495,Independent descriptive calculation,2023,https://www2.census.gov/programs-surveys/rhfs/data/public-use-files/2024/rhfspuf2024.csv,Conditional on nonnegative item response; excludes not reported and not applicable. Descriptive; not savings potential.
RHFS expenses,OPREP,valid_property_weight_fraction,0.46874887294274065,Independent descriptive calculation,2023,https://www2.census.gov/programs-surveys/rhfs/data/public-use-files/2024/rhfspuf2024.csv,Conditional on nonnegative item response; excludes not reported and not applicable. Descriptive; not savings potential.
RHFS expenses,OPREP,not_reported_property_weight_fraction,0.2934651448462154,Independent descriptive calculation,2023,https://www2.census.gov/programs-surveys/rhfs/data/public-use-files/2024/rhfspuf2024.csv,Conditional on nonnegative item response; excludes not reported and not applicable. Descriptive; not savings potential.
RHFS expenses,OPREP,not_applicable_property_weight_fraction,0.237785982211044,Independent descriptive calculation,2023,https://www2.census.gov/programs-surveys/rhfs/data/public-use-files/2024/rhfspuf2024.csv,Conditional on nonnegative item response; excludes not reported and not applicable. Descriptive; not savings potential.
RHFS expenses,OPREP,annual_per_unit_property_weighted_median,1600.0,Independent descriptive calculation,2023,https://www2.census.gov/programs-surveys/rhfs/data/public-use-files/2024/rhfspuf2024.csv,Conditional on nonnegative item response; excludes not reported and not applicable. Descriptive; not savings potential.
RHFS expenses,OPREP,annual_per_unit_unit_weighted_median,1174.731182795699,Independent descriptive calculation,2023,https://www2.census.gov/programs-surveys/rhfs/data/public-use-files/2024/rhfspuf2024.csv,Conditional on nonnegative item response; excludes not reported and not applicable. Descriptive; not savings potential.
RHFS expenses,OPREP,annual_per_unit_property_weighted_mean,2782.015147889737,Independent descriptive calculation,2023,https://www2.census.gov/programs-surveys/rhfs/data/public-use-files/2024/rhfspuf2024.csv,Conditional on nonnegative item response; excludes not reported and not applicable. Descriptive; not savings potential.
RHFS expenses,OPMNG,valid_records,989,Independent descriptive calculation,2023,https://www2.census.gov/programs-surveys/rhfs/data/public-use-files/2024/rhfspuf2024.csv,Conditional on nonnegative item response; excludes not reported and not applicable. Descriptive; not savings potential.
RHFS expenses,OPMNG,valid_property_weight_fraction,0.18095261229614468,Independent descriptive calculation,2023,https://www2.census.gov/programs-surveys/rhfs/data/public-use-files/2024/rhfspuf2024.csv,Conditional on nonnegative item response; excludes not reported and not applicable. Descriptive; not savings potential.
RHFS expenses,OPMNG,not_reported_property_weight_fraction,0.34432726712508166,Independent descriptive calculation,2023,https://www2.census.gov/programs-surveys/rhfs/data/public-use-files/2024/rhfspuf2024.csv,Conditional on nonnegative item response; excludes not reported and not applicable. Descriptive; not savings potential.
RHFS expenses,OPMNG,not_applicable_property_weight_fraction,0.4747201205787737,Independent descriptive calculation,2023,https://www2.census.gov/programs-surveys/rhfs/data/public-use-files/2024/rhfspuf2024.csv,Conditional on nonnegative item response; excludes not reported and not applicable. Descriptive; not savings potential.
RHFS expenses,OPMNG,annual_per_unit_property_weighted_median,1300.0,Independent descriptive calculation,2023,https://www2.census.gov/programs-surveys/rhfs/data/public-use-files/2024/rhfspuf2024.csv,Conditional on nonnegative item response; excludes not reported and not applicable. Descriptive; not savings potential.
RHFS expenses,OPMNG,annual_per_unit_unit_weighted_median,720.0,Independent descriptive calculation,2023,https://www2.census.gov/programs-surveys/rhfs/data/public-use-files/2024/rhfspuf2024.csv,Conditional on nonnegative item response; excludes not reported and not applicable. Descriptive; not savings potential.
RHFS expenses,OPMNG,annual_per_unit_property_weighted_mean,1705.2442138513952,Independent descriptive calculation,2023,https://www2.census.gov/programs-surveys/rhfs/data/public-use-files/2024/rhfspuf2024.csv,Conditional on nonnegative item response; excludes not reported and not applicable. Descriptive; not savings potential.
RHFS expenses,OPINSUR,valid_records,1501,Independent descriptive calculation,2023,https://www2.census.gov/programs-surveys/rhfs/data/public-use-files/2024/rhfspuf2024.csv,Conditional on nonnegative item response; excludes not reported and not applicable. Descriptive; not savings potential.
RHFS expenses,OPINSUR,valid_property_weight_fraction,0.4820174559269025,Independent descriptive calculation,2023,https://www2.census.gov/programs-surveys/rhfs/data/public-use-files/2024/rhfspuf2024.csv,Conditional on nonnegative item response; excludes not reported and not applicable. Descriptive; not savings potential.
RHFS expenses,OPINSUR,not_reported_property_weight_fraction,0.3649142228311959,Independent descriptive calculation,2023,https://www2.census.gov/programs-surveys/rhfs/data/public-use-files/2024/rhfspuf2024.csv,Conditional on nonnegative item response; excludes not reported and not applicable. Descriptive; not savings potential.
RHFS expenses,OPINSUR,not_applicable_property_weight_fraction,0.15306832124190156,Independent descriptive calculation,2023,https://www2.census.gov/programs-surveys/rhfs/data/public-use-files/2024/rhfspuf2024.csv,Conditional on nonnegative item response; excludes not reported and not applicable. Descriptive; not savings potential.
RHFS expenses,OPINSUR,annual_per_unit_property_weighted_median,1000.0,Independent descriptive calculation,2023,https://www2.census.gov/programs-surveys/rhfs/data/public-use-files/2024/rhfspuf2024.csv,Conditional on nonnegative item response; excludes not reported and not applicable. Descriptive; not savings potential.
RHFS expenses,OPINSUR,annual_per_unit_unit_weighted_median,760.0,Independent descriptive calculation,2023,https://www2.census.gov/programs-surveys/rhfs/data/public-use-files/2024/rhfspuf2024.csv,Conditional on nonnegative item response; excludes not reported and not applicable. Descriptive; not savings potential.
RHFS expenses,OPINSUR,annual_per_unit_property_weighted_mean,1487.0768742871453,Independent descriptive calculation,2023,https://www2.census.gov/programs-surveys/rhfs/data/public-use-files/2024/rhfspuf2024.csv,Conditional on nonnegative item response; excludes not reported and not applicable. Descriptive; not savings potential.
RHFS expenses,OPPAY,valid_records,1016,Independent descriptive calculation,2023,https://www2.census.gov/programs-surveys/rhfs/data/public-use-files/2024/rhfspuf2024.csv,Conditional on nonnegative item response; excludes not reported and not applicable. Descriptive; not savings potential.
RHFS expenses,OPPAY,valid_property_weight_fraction,0.16851282575476664,Independent descriptive calculation,2023,https://www2.census.gov/programs-surveys/rhfs/data/public-use-files/2024/rhfspuf2024.csv,Conditional on nonnegative item response; excludes not reported and not applicable. Descriptive; not savings potential.
RHFS expenses,OPPAY,not_reported_property_weight_fraction,0.33049244194892474,Independent descriptive calculation,2023,https://www2.census.gov/programs-surveys/rhfs/data/public-use-files/2024/rhfspuf2024.csv,Conditional on nonnegative item response; excludes not reported and not applicable. Descriptive; not savings potential.
RHFS expenses,OPPAY,not_applicable_property_weight_fraction,0.5009947322963086,Independent descriptive calculation,2023,https://www2.census.gov/programs-surveys/rhfs/data/public-use-files/2024/rhfspuf2024.csv,Conditional on nonnegative item response; excludes not reported and not applicable. Descriptive; not savings potential.
RHFS expenses,OPPAY,annual_per_unit_property_weighted_median,0.0,Independent descriptive calculation,2023,https://www2.census.gov/programs-surveys/rhfs/data/public-use-files/2024/rhfspuf2024.csv,Conditional on nonnegative item response; excludes not reported and not applicable. Descriptive; not savings potential.
RHFS expenses,OPPAY,annual_per_unit_unit_weighted_median,962.5,Independent descriptive calculation,2023,https://www2.census.gov/programs-surveys/rhfs/data/public-use-files/2024/rhfspuf2024.csv,Conditional on nonnegative item response; excludes not reported and not applicable. Descriptive; not savings potential.
RHFS expenses,OPPAY,annual_per_unit_property_weighted_mean,420.64257825992394,Independent descriptive calculation,2023,https://www2.census.gov/programs-surveys/rhfs/data/public-use-files/2024/rhfspuf2024.csv,Conditional on nonnegative item response; excludes not reported and not applicable. Descriptive; not savings potential.
RHFS expenses,OPEX_R,valid_records,1724,Independent descriptive calculation,2023,https://www2.census.gov/programs-surveys/rhfs/data/public-use-files/2024/rhfspuf2024.csv,Conditional on nonnegative item response; excludes not reported and not applicable. Descriptive; not savings potential.
RHFS expenses,OPEX_R,valid_property_weight_fraction,0.5691609412535336,Independent descriptive calculation,2023,https://www2.census.gov/programs-surveys/rhfs/data/public-use-files/2024/rhfspuf2024.csv,Conditional on nonnegative item response; excludes not reported and not applicable. Descriptive; not savings potential.
RHFS expenses,OPEX_R,not_reported_property_weight_fraction,0.4308390587464665,Independent descriptive calculation,2023,https://www2.census.gov/programs-surveys/rhfs/data/public-use-files/2024/rhfspuf2024.csv,Conditional on nonnegative item response; excludes not reported and not applicable. Descriptive; not savings potential.
RHFS expenses,OPEX_R,not_applicable_property_weight_fraction,0.0,Independent descriptive calculation,2023,https://www2.census.gov/programs-surveys/rhfs/data/public-use-files/2024/rhfspuf2024.csv,Conditional on nonnegative item response; excludes not reported and not applicable. Descriptive; not savings potential.
RHFS expenses,OPEX_R,annual_per_unit_property_weighted_median,4328.25,Independent descriptive calculation,2023,https://www2.census.gov/programs-surveys/rhfs/data/public-use-files/2024/rhfspuf2024.csv,Conditional on nonnegative item response; excludes not reported and not applicable. Descriptive; not savings potential.
RHFS expenses,OPEX_R,annual_per_unit_unit_weighted_median,4466.666666666667,Independent descriptive calculation,2023,https://www2.census.gov/programs-surveys/rhfs/data/public-use-files/2024/rhfspuf2024.csv,Conditional on nonnegative item response; excludes not reported and not applicable. Descriptive; not savings potential.
RHFS expenses,OPEX_R,annual_per_unit_property_weighted_mean,5658.626520753478,Independent descriptive calculation,2023,https://www2.census.gov/programs-surveys/rhfs/data/public-use-files/2024/rhfspuf2024.csv,Conditional on nonnegative item response; excludes not reported and not applicable. Descriptive; not savings potential.
RHFS expenses,TOTCOLL,valid_records,2247,Independent descriptive calculation,2023,https://www2.census.gov/programs-surveys/rhfs/data/public-use-files/2024/rhfspuf2024.csv,Conditional on nonnegative item response; excludes not reported and not applicable. Descriptive; not savings potential.
RHFS expenses,TOTCOLL,valid_property_weight_fraction,0.7756236218888972,Independent descriptive calculation,2023,https://www2.census.gov/programs-surveys/rhfs/data/public-use-files/2024/rhfspuf2024.csv,Conditional on nonnegative item response; excludes not reported and not applicable. Descriptive; not savings potential.
RHFS expenses,TOTCOLL,not_reported_property_weight_fraction,0.16960314820703304,Independent descriptive calculation,2023,https://www2.census.gov/programs-surveys/rhfs/data/public-use-files/2024/rhfspuf2024.csv,Conditional on nonnegative item response; excludes not reported and not applicable. Descriptive; not savings potential.
RHFS expenses,TOTCOLL,not_applicable_property_weight_fraction,0.05477322990406972,Independent descriptive calculation,2023,https://www2.census.gov/programs-surveys/rhfs/data/public-use-files/2024/rhfspuf2024.csv,Conditional on nonnegative item response; excludes not reported and not applicable. Descriptive; not savings potential.
RHFS expenses,TOTCOLL,annual_per_unit_property_weighted_median,25000.0,Independent descriptive calculation,2023,https://www2.census.gov/programs-surveys/rhfs/data/public-use-files/2024/rhfspuf2024.csv,Conditional on nonnegative item response; excludes not reported and not applicable. Descriptive; not savings potential.
RHFS expenses,TOTCOLL,annual_per_unit_unit_weighted_median,15000.0,Independent descriptive calculation,2023,https://www2.census.gov/programs-surveys/rhfs/data/public-use-files/2024/rhfspuf2024.csv,Conditional on nonnegative item response; excludes not reported and not applicable. Descriptive; not savings potential.
RHFS expenses,TOTCOLL,annual_per_unit_property_weighted_mean,16532.884894977968,Independent descriptive calculation,2023,https://www2.census.gov/programs-surveys/rhfs/data/public-use-files/2024/rhfspuf2024.csv,Conditional on nonnegative item response; excludes not reported and not applicable. Descriptive; not savings potential.
HVS,US renter-occupied units,units,46827000,Published source statistic,2026 Q2,https://www.census.gov/housing/hvs/files/currenthvspress.pdf,Table 3; 90% MOE 580000 units; not RHFS population
HVS,US rental vacancy,percent,7.3,Published source statistic,2026 Q2,https://www.census.gov/housing/hvs/files/currenthvspress.pdf,Table 1; 90% MOE 0.2 percentage points
HVS,Median asking rent vacant for-rent units,USD/month,1531,Published source statistic,2026 Q2,https://www.census.gov/housing/hvs/files/currenthvspress.pdf,Not average occupied-unit rent
BLS,Property real estate community association manager median wage,USD/year,69990,Published source statistic,2025 May,https://www.bls.gov/ooh/management/property-real-estate-and-community-association-managers.htm,Broad occupation; salary excludes employer benefit load and self-employment income
BLS,Property real estate community association manager median wage,USD/hour,33.65,Published source statistic,2025 May,https://www.bls.gov/ooh/management/property-real-estate-and-community-association-managers.htm,Not the wage for every task role
BLS,Property real estate community association managers jobs,jobs,460400,Published source statistic,2025,https://www.bls.gov/ooh/management/property-real-estate-and-community-association-managers.htm,Includes residential commercial association managers and self employed; not number of PM firms
INVH,Same store homes,homes,76819,Published source statistic,FY2025,https://www.businesswire.com/news/home/20260218809149/en/Invitation-Homes-Reports-Fourth-Quarter-and-Full-Year-2025-Results,Single company SFR portfolio; not national
INVH,Same store annual turnover,percent,22.8,Published source statistic,FY2025,https://www.businesswire.com/news/home/20260218809149/en/Invitation-Homes-Reports-Fourth-Quarter-and-Full-Year-2025-Results,Annual turnover; quarterly value 5.6% must not be treated as annual
INVH,Same store occupancy,percent,96.8,Published source statistic,FY2025,https://www.businesswire.com/news/home/20260218809149/en/Invitation-Homes-Reports-Fourth-Quarter-and-Full-Year-2025-Results,Same store average occupancy
AvalonBay,Same store annualized turnover,percent annualized,37.2,Published source statistic,H1 2026,https://investors.avalonbay.com/sec-filings/all-sec-filings/content/0000915912-26-000018/q22026ex-992.htm,Attachment 3; annualized H1 run rate not actual annual 2026 turnover; excludes third-party-managed communities
Buildium,Survey respondents using AI,percent,58,Published source statistic,2025 survey reported for 2026,https://www.buildium.com/resource/2026-property-management-industry-report/,Vendor survey; not representative population estimate or causal impact
Buildium,Companies fully automating any process,percent,8,Published source statistic,2025 survey reported for 2026,https://www.buildium.com/resource/2026-property-management-industry-report/,Current adoption outcome not technical automation ceiling
England EPLS,Direct landlords with one property,percent,45,Published source statistic,2024,https://www.gov.uk/government/statistics/english-private-landlord-survey-2024-main-report/english-private-landlord-survey-2024-main-report,Landlords directly registering deposits only; not whole England landlord universe
England EPLS,Tenancies owned by direct landlords with 5+ properties,percent,49,Published source statistic,2024,https://www.gov.uk/government/statistics/english-private-landlord-survey-2024-main-report/english-private-landlord-survey-2024-main-report,Same direct-landlord sample limitation
